Stock,52 Week High,Date of High,52 Week Low,Date of Low,Current Close,Difference (High - Close),Status
RENUKA.NS,56.2,2023-10-18,36.55,2024-06-04,53.77,-2.43,Wait
KPIL.NS,1449.0,2024-09-06,597.183,2023-11-07,1365.1,-83.9,Wait
BALRAMCHIN.NS,664.85,2024-09-27,343.5,2024-03-14,651.45,-13.4,Wait
BPCL.NS,376.0,2024-09-30,153.337,2023-10-26,362.85,-13.15,Wait
BBTC.NS,2900.0,2024-09-30,1166.024,2023-10-19,2864.0,-36.0,Wait
WESTLIFE.NS,974.95,2023-10-03,708.95,2024-03-14,923.2,-51.75,Wait
PHOENIXLTD.NS,2062.575,2024-07-18,861.55,2023-10-26,1763.35,-299.225,Wait
EXIDEIND.NS,618.055,2024-06-25,240.806,2023-10-26,491.95,-126.105,Wait
SJVN.NS,168.075,2024-02-05,62.498,2023-10-26,130.44,-37.635,Wait
PRAJIND.NS,825.0,2024-09-27,444.253,2024-03-15,792.6,-32.4,Wait
NBCC.NS,209.026,2024-08-28,56.654,2023-10-04,175.91,-33.116,Wait
SUNDARMFIN.NS,5535.85,2024-09-27,2920.928,2023-10-26,5285.4,-250.45,Wait
ARE&M.NS,1770.18,2024-06-26,592.513,2023-10-26,1363.1,-407.08,Wait
EPL.NS,269.0,2024-09-09,167.809,2024-06-05,256.76,-12.24,Wait
PCBL.NS,577.75,2024-09-27,163.659,2023-10-03,556.65,-21.1,Wait
IOC.NS,188.903,2024-02-08,78.083,2023-10-26,177.2,-11.703,Wait
POLYCAB.NS,7297.854,2024-06-25,3783.582,2024-01-11,6960.45,-337.403,Wait
NLCINDIA.NS,310.06,2024-07-16,115.465,2023-10-26,287.65,-22.41,Wait
OIL.NS,767.9,2024-08-30,187.18,2023-10-03,574.95,-192.95,Wait
BRIGADE.NS,1450.82,2024-06-25,567.159,2023-10-03,1398.35,-52.47,Wait
MAPMYINDIA.NS,2743.677,2024-06-21,1597.57,2024-03-14,2135.75,-607.927,Wait
CHAMBLFERT.NS,571.071,2024-06-21,258.028,2023-10-26,527.7,-43.371,Wait
AJANTPHARM.NS,3485.0,2024-09-12,1631.046,2023-10-26,3274.6,-210.4,Wait
HINDPETRO.NS,457.15,2024-09-05,150.621,2023-10-26,433.45,-23.7,Wait
CIPLA.NS,1683.0,2024-09-17,1122.482,2023-10-26,1667.9,-15.1,Wait
COCHINSHIP.NS,2975.819,2024-07-08,430.138,2023-10-26,1708.0,-1267.819,Wait
ZFCVINDIA.NS,18230.473,2024-06-03,12961.117,2024-05-15,16244.15,-1986.322,Wait
JSWINFRA.NS,360.359,2024-07-04,141.967,2023-10-03,343.15,-17.209,Wait
SBFC.NS,105.81,2024-09-23,72.4,2024-03-13,92.35,-13.46,Wait
COLPAL.NS,3890.0,2024-09-30,1929.885,2023-10-03,3835.75,-54.25,Wait
RECLTD.NS,650.077,2024-07-12,250.14,2023-10-26,553.4,-96.677,Wait
DEEPAKNTR.NS,3169.0,2024-08-01,1916.913,2023-10-26,2902.2,-266.8,Wait
EIHOTEL.NS,500.83,2024-04-10,204.989,2023-10-26,377.55,-123.28,Wait
IDEA.NS,19.18,2024-06-28,9.79,2024-09-20,10.36,-8.82,Wait
ABFRL.NS,364.4,2024-09-27,198.75,2024-03-14,348.9,-15.5,Wait
GRANULES.NS,721.0,2024-08-30,318.103,2023-10-26,552.75,-168.25,Wait
PFC.NS,573.855,2024-07-12,216.502,2023-10-26,489.4,-84.455,Wait
CEATLTD.NS,3263.0,2024-09-27,2032.985,2023-10-09,3194.95,-68.05,Wait
NAUKRI.NS,8260.35,2024-09-23,3957.088,2023-10-26,8210.0,-50.35,Wait
SIEMENS.NS,7968.7,2024-07-05,3238.461,2023-10-31,7233.95,-734.75,Wait
SUNPHARMA.NS,1960.35,2024-09-30,1058.936,2023-10-31,1954.8,-5.55,Wait
CANBK.NS,125.496,2024-06-03,66.613,2023-10-26,111.61,-13.886,Wait
IRB.NS,78.029,2024-06-07,30.175,2023-10-04,61.59,-16.439,Wait
HAL.NS,5659.173,2024-07-09,1750.112,2023-10-26,4400.55,-1258.624,Wait
GSPL.NS,464.599,2024-09-02,251.736,2023-11-01,424.9,-39.699,Wait
NSLNISP.NS,73.7,2024-02-05,39.15,2023-11-02,54.25,-19.45,Wait
DIVISLAB.NS,5582.95,2024-09-23,3275.198,2023-11-06,5458.2,-124.75,Wait
JIOFIN.NS,394.7,2024-04-23,204.25,2023-10-23,352.65,-42.05,Wait
NATCOPHARM.NS,1639.0,2024-09-12,720.777,2023-11-02,1416.8,-222.2,Wait
BOSCHLTD.NS,38179.898,2024-09-27,18376.639,2023-10-04,37668.5,-511.398,Wait
EIDPARRY.NS,875.0,2024-08-30,449.038,2023-10-26,837.2,-37.8,Wait
PRESTIGE.NS,2072.812,2024-06-24,591.533,2023-10-03,1837.45,-235.362,Wait
CONCOR.NS,1174.426,2024-06-03,663.52,2023-11-01,909.6,-264.826,Wait
GAIL.NS,246.3,2024-07-31,112.632,2023-10-31,233.12,-13.18,Wait
ANGELONE.NS,3881.177,2024-01-09,1806.623,2023-10-03,2552.0,-1329.177,Wait
IRCTC.NS,1134.051,2024-05-23,630.516,2023-10-26,927.1,-206.951,Wait
WHIRLPOOL.NS,2280.0,2024-09-05,1183.189,2024-02-27,2212.3,-67.7,Wait
VEDL.NS,523.65,2024-09-30,187.34,2023-10-26,517.1,-6.55,Wait
TATATECH.NS,1386.712,2023-11-30,970.1,2024-08-05,1104.8,-281.912,Wait
BATAINDIA.NS,1699.023,2023-12-20,1250.434,2024-06-04,1453.7,-245.323,Wait
LLOYDSME.NS,949.95,2024-09-30,491.352,2023-11-06,920.75,-29.2,Wait
PIDILITIND.NS,3391.0,2024-09-30,2281.002,2023-10-26,3384.0,-7.0,Wait
NATIONALUM.NS,212.4,2024-09-27,85.619,2023-10-26,208.11,-4.29,Wait
COROMANDEL.NS,1789.0,2024-08-22,1015.291,2023-10-30,1647.8,-141.2,Wait
WELCORP.NS,762.8,2024-09-30,372.749,2023-10-09,742.05,-20.75,Wait
NAVINFLUOR.NS,3971.837,2023-12-15,2870.448,2024-06-04,3415.05,-556.787,Wait
TATAPOWER.NS,494.85,2024-09-27,229.736,2023-10-26,478.45,-16.4,Wait
RELIANCE.NS,3206.717,2024-07-08,2212.79,2023-10-26,2998.0,-208.717,Wait
JMFINANCIL.NS,152.4,2024-09-30,67.238,2024-06-04,150.69,-1.71,Wait
SUMICHEM.NS,628.3,2024-09-10,335.501,2024-03-14,553.0,-75.3,Wait
HUDCO.NS,350.011,2024-07-12,69.205,2023-10-25,234.8,-115.211,Wait
SWSOLAR.NS,828.0,2024-05-21,253.0,2023-10-19,632.8,-195.2,Wait
CUMMINSIND.NS,4149.925,2024-06-25,1639.013,2023-11-01,3802.6,-347.324,Wait
SOLARINDS.NS,13298.0,2024-07-11,4776.51,2023-10-03,11585.05,-1712.95,Wait
DOMS.NS,2975.0,2024-09-17,1224.51,2023-12-21,2691.1,-283.9,Wait
LUPIN.NS,2312.0,2024-09-05,1118.098,2023-10-31,2200.95,-111.05,Wait
TITAN.NS,3874.273,2024-01-30,3045.684,2024-06-04,3844.85,-29.423,Wait
MRF.NS,151230.967,2024-02-23,106249.587,2023-10-09,140567.344,-10663.623,Wait
CENTURYTEX.NS,2936.45,2024-09-16,1044.057,2023-10-25,2740.25,-196.2,Wait
UPL.NS,633.755,2023-10-17,446.993,2024-03-14,610.9,-22.855,Wait
GLS.NS,1335.1,2024-09-16,594.282,2023-10-04,1056.0,-279.1,Wait
ALOKINDS.NS,39.05,2024-01-09,16.1,2023-10-26,25.05,-14.0,Wait
OFSS.NS,12619.0,2024-09-17,3750.676,2023-10-26,11421.0,-1198.0,Wait
RATNAMANI.NS,3978.5,2024-09-13,2515.15,2023-10-09,3664.95,-313.55,Wait
HCLTECH.NS,1828.55,2024-09-27,1163.287,2023-10-13,1816.55,-12.0,Wait
HBLPOWER.NS,723.405,2024-08-26,254.191,2023-10-26,605.5,-117.905,Wait
EICHERMOT.NS,5105.0,2024-09-27,3239.111,2023-11-01,5076.0,-29.0,Wait
PNB.NS,141.232,2024-04-30,66.564,2023-10-26,108.53,-32.702,Wait
HINDALCO.NS,764.45,2024-09-30,446.192,2023-10-26,760.35,-4.1,Wait
CHALET.NS,958.0,2024-03-28,535.1,2023-10-25,885.8,-72.2,Wait
GRASIM.NS,2866.734,2024-07-26,1813.84,2023-10-30,2792.7,-74.034,Wait
TVSMOTOR.NS,2958.0,2024-09-27,1483.584,2023-10-05,2863.0,-95.0,Wait
INDIGO.NS,5035.0,2024-09-12,2367.05,2023-10-03,4942.1,-92.9,Wait
NTPC.NS,448.45,2024-09-30,221.641,2023-10-26,436.0,-12.45,Wait
RAILTEL.NS,615.384,2024-07-12,200.842,2023-10-26,459.7,-155.684,Wait
KANSAINER.NS,354.144,2023-12-27,249.625,2024-06-04,306.55,-47.594,Wait
TORNTPHARM.NS,3574.0,2024-08-30,1803.667,2023-10-25,3442.8,-131.2,Wait
COALINDIA.NS,543.55,2024-08-26,264.905,2023-10-09,503.55,-40.0,Wait
VIPIND.NS,694.847,2023-10-13,428.5,2024-06-04,542.9,-151.947,Wait
APTUS.NS,386.826,2024-02-07,274.429,2023-10-26,354.05,-32.776,Wait
JINDALSAW.NS,759.9,2024-09-30,326.195,2023-10-09,746.0,-13.9,Wait
JKCEMENT.NS,4895.5,2024-09-10,3041.791,2023-10-26,4637.85,-257.65,Wait
INDIAMART.NS,3198.4,2024-07-30,2212.486,2024-06-04,2911.85,-286.55,Wait
KAYNES.NS,5810.0,2024-09-24,2158.0,2023-11-01,5495.8,-314.2,Wait
BALKRISIND.NS,3370.183,2024-08-01,2187.885,2024-03-11,2989.85,-380.332,Wait
BANKBARODA.NS,291.561,2024-06-03,182.748,2023-10-26,248.0,-43.561,Wait
IRCON.NS,349.817,2024-07-15,125.622,2023-10-26,223.9,-125.917,Wait
BHEL.NS,335.069,2024-07-09,113.405,2023-10-26,275.75,-59.319,Wait
ICICIPRULI.NS,795.0,2024-09-24,462.97,2024-01-18,787.4,-7.6,Wait
COFORGE.NS,7149.0,2024-09-27,4256.48,2024-05-09,6959.95,-189.05,Wait
TATACHEM.NS,1330.793,2024-03-07,920.408,2024-02-29,1082.8,-247.993,Wait
APOLLOHOSP.NS,7316.95,2024-09-30,4714.494,2023-10-26,7285.0,-31.95,Wait
HEG.NS,2714.894,2024-05-22,1446.921,2023-10-26,2471.0,-243.894,Wait
MRPL.NS,286.388,2024-02-19,89.103,2023-10-09,179.35,-107.038,Wait
JUSTDIAL.NS,1383.95,2024-08-21,696.0,2023-11-17,1161.5,-222.45,Wait
BAJAJFINSV.NS,2029.9,2024-09-27,1418.155,2024-06-04,2003.4,-26.5,Wait
AMBUJACEM.NS,706.95,2024-07-02,402.834,2023-11-01,638.8,-68.15,Wait
SRF.NS,2690.15,2024-05-03,2076.035,2023-10-26,2492.0,-198.15,Wait
ATUL.NS,8135.4,2024-08-22,5159.702,2024-06-04,7757.7,-377.7,Wait
KPRMILL.NS,1053.0,2024-09-25,707.927,2024-02-22,957.05,-95.95,Wait
GLENMARK.NS,1769.6,2024-09-16,721.067,2023-11-13,1681.3,-88.3,Wait
GNFC.NS,795.833,2024-01-04,576.44,2024-03-14,676.1,-119.733,Wait
EMAMILTD.NS,860.0,2024-09-06,417.1,2024-03-15,741.45,-118.55,Wait
NHPC.NS,117.795,2024-07-15,47.425,2023-10-26,94.85,-22.945,Wait
DABUR.NS,672.0,2024-09-17,487.114,2024-04-15,634.35,-37.65,Wait
FLUOROCHEM.NS,4507.254,2024-09-17,2474.218,2024-06-04,4243.65,-263.604,Wait
ASIANPAINT.NS,3394.9,2024-09-16,2644.513,2024-05-10,3346.7,-48.2,Wait
TIMKEN.NS,4814.917,2024-06-18,2522.937,2024-03-12,3771.15,-1043.767,Wait
USHAMART.NS,424.428,2024-07-05,250.807,2023-10-26,353.0,-71.428,Wait
METROPOLIS.NS,2222.0,2024-09-25,1356.664,2023-10-30,2185.5,-36.5,Wait
SYNGENE.NS,945.25,2024-09-16,606.585,2024-06-04,881.5,-63.75,Wait
GUJGASLTD.NS,684.095,2024-09-02,393.681,2023-10-26,611.9,-72.195,Wait
GMRINFRA.NS,103.75,2024-07-31,52.0,2023-10-26,94.36,-9.39,Wait
BDL.NS,1793.373,2024-07-05,447.424,2023-10-25,1118.35,-675.023,Wait
TORNTPOWER.NS,1969.9,2024-09-18,683.364,2023-10-26,1871.05,-98.85,Wait
LAURUSLABS.NS,518.0,2024-09-10,348.686,2023-10-26,461.1,-56.9,Wait
TIINDIA.NS,4679.996,2024-07-10,2876.556,2023-10-26,4194.5,-485.496,Wait
UBL.NS,2204.9,2024-09-27,1532.177,2023-10-04,2189.75,-15.15,Wait
SBICARD.NS,817.4,2024-09-13,647.95,2024-06-04,783.0,-34.4,Wait
RCF.NS,243.357,2024-07-23,114.1,2023-10-26,180.71,-62.647,Wait
KIMS.NS,580.0,2024-09-13,350.0,2024-06-04,546.2,-33.8,Wait
IDFC.NS,128.599,2024-01-17,104.109,2024-06-04,113.0,-15.599,Wait
ECLERX.NS,3118.0,2024-09-25,1797.631,2023-10-03,2936.9,-181.1,Wait
HINDZINC.NS,778.873,2024-05-22,269.541,2024-03-15,525.2,-253.673,Wait
PETRONET.NS,384.2,2024-08-21,184.946,2023-11-01,338.0,-46.2,Wait
RVNL.NS,644.492,2024-07-15,141.599,2023-10-26,517.05,-127.442,Wait
MOTHERSON.NS,216.99,2024-09-27,86.416,2023-11-28,211.19,-5.8,Wait
MASTEK.NS,3131.062,2024-02-19,2088.285,2023-10-26,2599.45,-531.612,Wait
BERGEPAINT.NS,629.5,2024-09-17,436.208,2024-06-04,620.1,-9.4,Wait
APLAPOLLO.NS,1781.507,2023-10-18,1300.007,2024-02-14,1552.45,-229.057,Wait
ABB.NS,9137.54,2024-06-18,3831.085,2023-10-26,8050.15,-1087.39,Wait
CROMPTON.NS,484.0,2024-09-02,259.417,2024-03-22,419.75,-64.25,Wait
ACE.NS,1692.318,2024-04-02,656.26,2023-10-26,1393.1,-299.218,Wait
KFINTECH.NS,1189.0,2024-08-27,423.141,2023-10-26,1033.3,-155.7,Wait
REDINGTON.NS,230.866,2024-04-25,132.368,2023-10-26,184.01,-46.856,Wait
JYOTHYLAB.NS,595.85,2024-09-11,330.558,2023-10-26,534.4,-61.45,Wait
INDUSINDBK.NS,1675.895,2024-01-15,1329.2,2024-08-07,1442.65,-233.245,Wait
MUTHOOTFIN.NS,2078.75,2024-09-13,1165.399,2023-10-09,2045.85,-32.9,Wait
POWERINDIA.NS,14376.942,2024-07-03,3894.53,2023-10-09,13649.7,-727.242,Wait
RKFORGE.NS,1038.7,2024-09-18,581.705,2023-10-26,993.4,-45.3,Wait
VOLTAS.NS,1944.9,2024-09-20,803.767,2023-10-23,1865.8,-79.1,Wait
SAIL.NS,173.998,2024-05-22,80.536,2023-10-26,141.97,-32.028,Wait
PIIND.NS,4804.05,2024-09-20,3208.063,2024-01-25,4661.1,-142.95,Wait
TTML.NS,111.4,2024-07-19,65.05,2024-06-04,83.65,-27.75,Wait
MARUTI.NS,13551.997,2024-08-01,9646.535,2024-01-18,13442.5,-109.497,Wait
HAVELLS.NS,2106.0,2024-09-23,1226.026,2023-11-01,2034.7,-71.3,Wait
MPHASIS.NS,3187.8,2024-09-17,2025.339,2023-10-26,3048.85,-138.95,Wait
ZYDUSLIFE.NS,1324.3,2024-08-09,566.337,2023-10-26,1070.95,-253.35,Wait
INDIANB.NS,618.706,2024-06-03,382.254,2023-11-30,531.7,-87.006,Wait
BEL.NS,339.58,2024-07-10,125.728,2023-10-26,286.05,-53.53,Wait
GRINDWELL.NS,2942.214,2024-07-04,1863.932,2024-03-19,2410.9,-531.314,Wait
ADANIENT.NS,3742.391,2024-06-03,2141.136,2023-11-20,3136.05,-606.341,Wait
RAMCOCEM.NS,1054.872,2023-12-14,697.799,2024-06-04,866.0,-188.872,Wait
SUNTV.NS,915.344,2024-08-09,561.398,2024-03-20,829.65,-85.694,Wait
HDFCLIFE.NS,761.2,2024-09-03,509.667,2024-06-04,730.65,-30.55,Wait
BAYERCROP.NS,7196.85,2024-08-08,4698.25,2023-10-30,6356.25,-840.6,Wait
NUVAMA.NS,7100.0,2024-09-24,2070.575,2023-10-05,6788.05,-311.95,Wait
AFFLE.NS,1715.0,2024-08-26,988.15,2023-10-26,1585.9,-129.1,Wait
PERSISTENT.NS,5585.95,2024-09-27,2772.013,2023-10-09,5450.0,-135.95,Wait
INFY.NS,1975.75,2024-09-02,1332.712,2023-11-01,1894.1,-81.65,Wait
LATENTVIEW.NS,575.0,2024-07-16,392.85,2023-10-04,474.75,-100.25,Wait
GODREJIND.NS,1314.0,2024-09-06,568.1,2023-10-03,1226.05,-87.95,Wait
APLLTD.NS,1284.95,2024-08-08,699.265,2023-10-31,1190.45,-94.5,Wait
CDSL.NS,1664.4,2024-08-23,626.019,2023-10-26,1451.15,-213.25,Wait
FEDERALBNK.NS,205.371,2024-08-13,136.44,2023-10-30,193.86,-11.511,Wait
ACI.NS,836.496,2024-02-27,507.577,2023-11-03,692.45,-144.045,Wait
FIVESTAR.NS,862.75,2024-06-07,600.05,2024-03-14,786.0,-76.75,Wait
CELLO.NS,1023.355,2024-07-04,710.059,2024-03-14,871.3,-152.055,Wait
MSUMI.NS,79.084,2024-06-19,57.188,2023-11-06,71.98,-7.104,Wait
KEI.NS,5039.7,2024-06-14,2318.549,2023-10-31,4167.1,-872.6,Wait
TATASTEEL.NS,180.954,2024-06-18,112.337,2023-11-02,168.91,-12.044,Wait
GESHIP.NS,1533.379,2024-07-11,710.495,2023-11-09,1185.8,-347.579,Wait
JUBLFOOD.NS,715.45,2024-09-23,420.182,2024-03-14,682.25,-33.2,Wait
NMDC.NS,284.39,2024-05-21,136.268,2023-10-09,244.75,-39.64,Wait
KEC.NS,1058.0,2024-09-30,547.471,2023-11-08,1045.0,-13.0,Wait
TCS.NS,4592.25,2024-08-30,3271.929,2023-11-01,4289.05,-303.2,Wait
PEL.NS,1143.8,2024-09-16,728.814,2024-06-04,1114.6,-29.2,Wait
M&M.NS,3222.1,2024-09-27,1439.46,2023-11-01,3142.0,-80.1,Wait
ABBOTINDIA.NS,30521.0,2024-08-30,21686.758,2023-12-21,29287.949,-1233.051,Wait
BANKINDIA.NS,154.433,2024-04-30,84.476,2023-10-26,109.93,-44.503,Wait
BAJAJ-AUTO.NS,12774.0,2024-09-27,4863.522,2023-10-04,12537.25,-236.75,Wait
ASTERDM.NS,439.0,2024-09-19,242.993,2023-10-09,408.5,-30.5,Wait
IPCALAB.NS,1519.85,2024-09-25,913.868,2023-10-04,1483.45,-36.4,Wait
IDFCFIRSTB.NS,95.65,2023-10-03,70.43,2024-08-14,74.52,-21.13,Wait
AARTIIND.NS,768.137,2024-04-29,437.366,2023-10-26,585.2,-182.937,Wait
LTF.NS,194.25,2024-07-02,124.86,2023-10-26,186.64,-7.61,Wait
IGL.NS,564.916,2024-09-02,368.327,2023-11-01,547.4,-17.516,Wait
WELSPUNLIV.NS,212.95,2024-08-29,115.57,2023-10-09,163.71,-49.24,Wait
TEJASNET.NS,1495.0,2024-06-27,651.25,2024-03-28,1198.9,-296.1,Wait
HINDCOPPER.NS,414.605,2024-05-22,135.26,2023-10-26,347.2,-67.405,Wait
ONGC.NS,342.341,2024-08-13,170.825,2023-10-26,294.65,-47.691,Wait
STARHEALTH.NS,647.0,2024-09-09,454.8,2024-03-01,603.0,-44.0,Wait
MCX.NS,6035.45,2024-09-25,1910.633,2023-10-05,5703.0,-332.45,Wait
FINEORG.NS,5947.879,2024-07-30,4013.597,2024-03-28,5222.8,-725.079,Wait
BALAMINES.NS,2722.61,2024-01-01,1951.121,2024-06-04,2282.85,-439.76,Wait
IDBI.NS,107.9,2024-07-29,58.524,2023-11-22,87.36,-20.54,Wait
AETHER.NS,1071.0,2024-09-10,761.55,2024-03-27,919.2,-151.8,Wait
UCOBANK.NS,70.269,2024-02-08,34.563,2023-10-26,48.24,-22.029,Wait
ASTRAL.NS,2451.036,2024-07-02,1737.899,2024-01-18,1979.95,-471.086,Wait
BRITANNIA.NS,6354.2,2024-09-30,4291.837,2023-11-01,6295.15,-59.05,Wait
GPPL.NS,246.792,2024-08-13,111.454,2023-10-26,216.37,-30.422,Wait
ABCAPITAL.NS,246.9,2024-06-20,155.0,2023-12-21,236.94,-9.96,Wait
KARURVYSYA.NS,231.5,2024-08-26,126.669,2023-10-09,214.66,-16.84,Wait
YESBANK.NS,32.85,2024-02-09,15.7,2023-10-26,22.61,-10.24,Wait
ACC.NS,2844.0,2024-07-02,1797.87,2023-11-22,2514.35,-329.65,Wait
SCHAEFFLER.NS,4951.0,2024-06-18,2591.351,2023-11-02,3837.85,-1113.15,Wait
SBIN.NS,912.0,2024-06-03,534.241,2023-10-26,793.65,-118.35,Wait
LEMONTREE.NS,158.0,2024-05-02,100.75,2023-10-26,121.27,-36.73,Wait
SONATSOFTW.NS,864.639,2024-02-27,466.706,2024-06-04,632.0,-232.639,Wait
INDHOTEL.NS,720.45,2024-09-24,370.486,2023-10-27,691.0,-29.45,Wait
CENTURYPLY.NS,935.0,2024-09-23,593.259,2023-10-26,870.7,-64.3,Wait
IRFC.NS,228.112,2024-07-15,64.793,2023-10-26,155.08,-73.032,Wait
CANFINHOME.NS,951.75,2024-09-13,676.936,2024-06-04,877.0,-74.75,Wait
WIPRO.NS,579.9,2024-07-19,374.252,2023-10-26,542.6,-37.3,Wait
DRREDDY.NS,7107.45,2024-08-21,5174.905,2023-10-30,6736.05,-371.4,Wait
TECHM.NS,1672.0,2024-09-17,1066.676,2023-10-26,1588.6,-83.4,Wait
GICRE.NS,456.002,2024-02-08,206.799,2023-10-05,395.3,-60.702,Wait
ENGINERSIN.NS,302.514,2024-07-12,114.895,2023-10-26,209.76,-92.754,Wait
SHRIRAMFIN.NS,3652.25,2024-09-27,1726.754,2023-10-26,3609.7,-42.55,Wait
RAJESHEXPO.NS,509.85,2023-10-06,261.0,2024-03-28,284.3,-225.55,Wait
TRIDENT.NS,52.394,2024-01-09,32.09,2023-10-26,35.57,-16.824,Wait
STLTECH.NS,169.95,2023-10-20,109.5,2024-06-04,124.65,-45.3,Wait
MANYAVAR.NS,1477.09,2023-12-08,879.613,2024-04-15,1356.0,-121.09,Wait
HAPPSTMNDS.NS,957.508,2024-01-15,738.308,2024-03-28,797.75,-159.758,Wait
PGHH.NS,19180.345,2023-11-20,15345.4,2024-03-13,16543.4,-2636.944,Wait
CASTROLIND.NS,284.4,2024-08-27,127.484,2023-11-07,242.4,-42.0,Wait
CAMS.NS,4897.643,2024-07-31,2197.739,2023-11-01,4421.3,-476.343,Wait
MMTC.NS,131.8,2024-07-26,49.7,2023-10-30,89.7,-42.1,Wait
SPARC.NS,472.8,2024-04-09,196.1,2024-06-05,211.01,-261.79,Wait
AXISBANK.NS,1339.65,2024-07-12,950.666,2023-10-25,1246.6,-93.05,Wait
LALPATHLAB.NS,3459.4,2024-08-30,1936.018,2024-03-19,3292.7,-166.7,Wait
JKLAKSHMI.NS,992.342,2024-02-09,635.758,2023-10-03,770.35,-221.992,Wait
HSCL.NS,688.7,2024-09-18,223.668,2023-10-26,648.5,-40.2,Wait
CHEMPLASTS.NS,633.9,2024-06-14,402.8,2024-06-10,513.75,-120.15,Wait
CHENNPETRO.NS,1217.521,2024-07-16,453.777,2023-10-06,934.7,-282.821,Wait
PAGEIND.NS,44100.0,2024-09-18,32722.095,2024-03-20,42120.5,-1979.5,Wait
GRSE.NS,2831.469,2024-07-05,641.47,2023-10-26,1681.0,-1150.469,Wait
GILLETTE.NS,9560.0,2024-09-19,5921.493,2023-12-21,8467.7,-1092.3,Wait
APARINDS.NS,10624.8,2024-09-16,4517.882,2023-10-26,9428.95,-1195.85,Wait
ITC.NS,528.5,2024-09-27,392.39,2024-03-12,522.25,-6.25,Wait
RRKABEL.NS,1898.665,2024-05-27,1303.37,2023-10-23,1719.45,-179.215,Wait
BLUESTARCO.NS,2199.55,2024-09-30,810.64,2023-10-31,2134.0,-65.55,Wait
LICHSGFIN.NS,815.845,2024-07-16,426.302,2023-10-26,661.4,-154.445,Wait
MAHABANK.NS,73.5,2024-06-03,37.799,2023-10-26,59.46,-14.04,Wait
LTIM.NS,6574.95,2024-09-19,4473.643,2024-06-04,6231.0,-343.95,Wait
SKFINDIA.NS,7201.841,2024-06-18,3943.375,2024-03-13,5426.95,-1774.891,Wait
GAEL.NS,210.067,2024-02-02,123.3,2024-09-23,126.12,-83.947,Wait
GSFC.NS,316.695,2024-01-23,163.335,2023-10-09,217.67,-99.025,Wait
BAJFINANCE.NS,8151.081,2023-10-06,6156.892,2024-03-06,7762.15,-388.931,Wait
JBMA.NS,2426.453,2024-02-19,1112.48,2023-10-26,1804.05,-622.403,Wait
VARROC.NS,716.9,2024-06-14,433.0,2024-03-14,570.9,-146.0,Wait
CENTRALBK.NS,76.9,2024-02-07,40.85,2023-10-26,58.82,-18.08,Wait
SBILIFE.NS,1936.0,2024-09-03,1262.083,2023-10-04,1879.1,-56.9,Wait
LICI.NS,1222.0,2024-08-01,591.84,2023-10-26,1009.5,-212.5,Wait
RBLBANK.NS,298.741,2024-01-11,203.11,2024-09-26,206.29,-92.451,Wait
MANAPPURAM.NS,229.329,2024-07-19,122.699,2023-10-26,201.39,-27.939,Wait
CAPLIPOINT.NS,2156.017,2024-09-05,950.926,2023-10-26,1906.05,-249.967,Wait
TATAMOTORS.NS,1179.0,2024-07-30,606.429,2023-10-04,982.35,-196.65,Wait
MAXHEALTH.NS,1118.0,2024-09-24,537.72,2023-10-26,971.0,-147.0,Wait
ALKEM.NS,6439.9,2024-09-13,3421.271,2023-10-05,6170.85,-269.05,Wait
DIXON.NS,14498.0,2024-09-24,5026.203,2023-10-09,13781.05,-716.95,Wait
CRISIL.NS,5220.836,2024-03-26,3627.582,2024-01-25,4625.35,-595.486,Wait
ERIS.NS,1522.05,2024-09-06,804.0,2023-10-26,1295.65,-226.4,Wait
VGUARD.NS,577.45,2024-08-14,280.158,2023-10-09,440.35,-137.1,Wait
MARICO.NS,713.5,2024-09-27,486.3,2024-03-19,697.9,-15.6,Wait
FINPIPE.NS,353.045,2024-06-07,184.31,2023-10-26,275.05,-77.995,Wait
AWL.NS,410.5,2023-12-06,285.8,2023-11-20,341.4,-69.1,Wait
BHARATFORG.NS,1797.478,2024-06-21,996.197,2023-10-30,1522.0,-275.478,Wait
ESCORTS.NS,4420.0,2024-09-27,2636.789,2024-02-09,4264.8,-155.2,Wait
BEML.NS,5466.408,2024-07-05,1894.502,2023-10-26,3671.6,-1794.808,Wait
MTARTECH.NS,2783.85,2023-10-23,1600.0,2024-06-04,1720.0,-1063.85,Wait
NUVOCO.NS,398.0,2023-12-27,291.3,2024-03-13,354.6,-43.4,Wait
SHREECEM.NS,30622.646,2024-02-01,23653.312,2024-06-04,26163.949,-4458.696,Wait
MFSL.NS,1212.85,2024-09-27,854.25,2024-01-31,1187.0,-25.85,Wait
AUROPHARMA.NS,1592.0,2024-09-13,830.965,2023-11-01,1503.4,-88.6,Wait
JSL.NS,845.696,2024-07-09,425.989,2023-11-01,786.5,-59.196,Wait
SUNDRMFAST.NS,1505.95,2024-07-18,999.539,2024-03-15,1388.0,-117.95,Wait
UJJIVANSFB.NS,60.917,2023-12-11,38.677,2024-06-04,40.15,-20.767,Wait
SCHNEIDER.NS,980.0,2024-07-03,300.0,2023-10-26,821.2,-158.8,Wait
MHRIL.NS,505.0,2024-06-21,347.75,2023-12-21,389.05,-115.95,Wait
INDUSTOWER.NS,460.35,2024-08-30,166.7,2023-10-27,387.5,-72.85,Wait
CARBORUNIV.NS,1838.475,2024-06-20,1024.11,2024-02-27,1502.6,-335.875,Wait
JSWSTEEL.NS,1024.15,2024-09-30,717.38,2023-11-01,1021.95,-2.2,Wait
JWL.NS,747.697,2024-07-05,266.431,2023-10-26,509.95,-237.747,Wait
CERA.NS,10789.95,2024-08-09,6547.943,2024-03-19,8090.0,-2699.95,Wait
NETWORK18.NS,135.7,2024-01-19,63.3,2023-10-03,80.68,-55.02,Wait
NYKAA.NS,229.8,2024-08-23,136.5,2023-10-25,196.88,-32.92,Wait
NESTLEIND.NS,2778.0,2024-09-27,2196.902,2023-10-03,2732.25,-45.75,Wait
METROBRAND.NS,1435.225,2023-11-30,988.299,2024-06-04,1264.0,-171.225,Wait
TATAELXSI.NS,9111.181,2023-12-18,6349.305,2024-06-04,7705.0,-1406.181,Wait
SUPREMEIND.NS,6436.89,2024-06-12,3588.117,2024-03-13,5216.9,-1219.99,Wait
VAIBHAVGBL.NS,535.394,2024-01-30,260.079,2024-06-04,303.3,-232.094,Wait
GRAPHITE.NS,695.332,2024-04-25,425.59,2023-10-26,585.05,-110.282,Wait
HONAUT.NS,59881.864,2024-06-26,34912.321,2023-12-21,48560.898,-11320.966,Wait
TRIVENI.NS,518.0,2024-09-16,266.792,2024-06-04,466.9,-51.1,Wait
AIAENG.NS,4932.717,2024-08-12,3328.422,2023-10-25,4319.05,-613.668,Wait
SIGNATURE.NS,1647.0,2024-09-26,454.1,2023-10-04,1592.45,-54.55,Wait
BANDHANBNK.NS,261.097,2024-01-04,167.862,2024-06-04,200.95,-60.147,Wait
TRENT.NS,7939.9,2024-09-26,1943.666,2023-10-26,7761.05,-178.85,Wait
PATANJALI.NS,1992.2,2024-09-03,1169.95,2024-06-04,1682.85,-309.35,Wait
HINDUNILVR.NS,3035.0,2024-09-23,2151.093,2024-04-16,2986.5,-48.5,Wait
LXCHEM.NS,325.5,2024-09-11,219.494,2024-06-04,283.2,-42.3,Wait
FACT.NS,1185.82,2024-06-21,505.497,2023-10-09,944.4,-241.42,Wait
RHIM.NS,820.589,2023-12-26,502.163,2024-03-13,608.7,-211.889,Wait
SAMMAANCAP.NS,865.593,2023-12-29,129.985,2024-06-04,163.31,-702.283,Wait
JINDALSTEL.NS,1094.709,2024-06-21,580.385,2023-11-01,1032.5,-62.209,Wait
VTL.NS,587.15,2024-07-30,335.727,2023-10-26,470.75,-116.4,Wait
ASHOKLEY.NS,264.65,2024-08-27,153.131,2024-03-14,237.05,-27.6,Wait
MOTILALOFS.NS,1288.132,2023-12-20,304.053,2024-01-02,748.55,-539.582,Wait
ATGL.NS,1259.067,2023-12-08,521.862,2023-10-26,782.95,-476.117,Wait
DEEPAKFERT.NS,1119.9,2024-09-04,446.431,2024-03-13,1069.75,-50.15,Wait
BIOCON.NS,395.8,2024-09-17,217.199,2023-10-31,362.85,-32.95,Wait
RBA.NS,133.7,2024-01-16,91.5,2024-06-04,111.47,-22.23,Wait
SUZLON.NS,86.04,2024-09-12,25.75,2023-10-03,79.96,-6.08,Wait
IEX.NS,244.4,2024-09-24,119.349,2023-10-26,204.07,-40.33,Wait
ELECON.NS,716.75,2024-07-19,355.641,2023-10-26,692.25,-24.5,Wait
TATACOMM.NS,2168.0,2024-09-27,1529.501,2023-10-26,2106.4,-61.6,Wait
DALBHARAT.NS,2424.266,2023-12-14,1647.029,2024-06-04,1910.3,-513.966,Wait
CREDITACC.NS,1781.871,2023-12-14,1153.0,2024-08-16,1201.0,-580.871,Wait
UTIAMC.NS,1341.0,2024-09-18,724.947,2023-10-26,1251.25,-89.75,Wait
GLAXO.NS,3088.0,2024-08-21,1367.966,2023-11-02,2732.2,-355.8,Wait
KPITTECH.NS,1923.506,2024-07-12,1086.926,2023-10-26,1636.0,-287.506,Wait
JUBLPHARMA.NS,1247.15,2024-09-16,316.91,2023-10-26,1158.35,-88.8,Wait
INDIGOPNTS.NS,1584.301,2024-07-11,1247.089,2024-03-28,1471.15,-113.151,Wait
360ONE.NS,1211.945,2024-08-01,477.172,2023-10-05,1059.45,-152.495,Wait
TVSSCS.NS,231.15,2023-10-12,145.0,2024-03-13,198.24,-32.91,Wait
BIRLACORPN.NS,1790.291,2024-02-27,1130.456,2023-10-26,1243.65,-546.641,Wait
CLEAN.NS,1686.652,2024-08-01,1240.537,2024-06-04,1543.5,-143.152,Wait
RAINBOW.NS,1644.682,2024-05-06,990.35,2023-11-07,1402.8,-241.882,Wait
IOB.NS,83.75,2024-02-08,36.65,2023-10-26,57.79,-25.96,Wait
KSB.NS,1060.0,2024-07-15,556.852,2023-10-26,884.85,-175.15,Wait
TATACONSUM.NS,1260.311,2024-03-11,849.146,2023-10-04,1212.9,-47.411,Wait
GPIL.NS,1222.367,2024-07-16,572.109,2023-10-26,1078.0,-144.367,Wait
ULTRACEMCO.NS,12138.0,2024-09-27,7997.622,2023-10-04,11863.4,-274.6,Wait
MAHSEAMLES.NS,1078.446,2024-01-30,559.622,2024-08-09,635.35,-443.096,Wait
AUBANK.NS,812.116,2024-01-09,552.826,2024-03-20,732.35,-79.766,Wait
PNCINFRA.NS,574.007,2024-05-27,309.672,2023-11-09,434.2,-139.807,Wait
ICICIGI.NS,2301.9,2024-09-23,1276.583,2023-10-04,2206.7,-95.2,Wait
DLF.NS,962.102,2024-04-01,510.582,2023-10-26,910.9,-51.202,Wait
INDIACEM.NS,385.0,2024-07-29,172.55,2024-06-04,361.0,-24.0,Wait
SHYAMMETL.NS,956.9,2024-09-24,418.746,2023-10-25,910.0,-46.9,Wait
ZEEL.NS,299.7,2023-12-12,125.5,2024-06-04,134.31,-165.39,Wait
CUB.NS,175.743,2024-08-01,123.394,2023-10-04,164.0,-11.743,Wait
BORORENEW.NS,669.35,2024-02-01,391.05,2023-10-26,490.3,-179.05,Wait
ZENSARTECH.NS,832.064,2024-07-15,450.662,2023-10-26,676.05,-156.014,Wait
JKPAPER.NS,632.263,2024-07-02,315.859,2024-03-27,447.6,-184.663,Wait
NIACL.NS,322.171,2024-02-09,129.087,2023-10-26,230.8,-91.371,Wait
FDC.NS,658.85,2024-09-12,343.3,2023-10-25,540.9,-117.95,Wait
AMBER.NS,5361.15,2024-09-24,2721.05,2023-10-23,4701.55,-659.6,Wait
ISEC.NS,922.45,2024-09-19,582.995,2023-10-04,870.85,-51.6,Wait
PRSMJOHNSN.NS,246.0,2024-09-11,120.0,2023-10-25,202.58,-43.42,Wait
TV18BRDCST.NS,68.7,2024-01-19,38.65,2024-06-05,44.51,-24.19,Wait
SAFARI.NS,2613.75,2024-09-16,1647.452,2024-03-18,2319.95,-293.8,Wait
ADANIPORTS.NS,1614.473,2024-06-03,751.277,2023-10-26,1448.05,-166.423,Wait
KALYANKJIL.NS,786.25,2024-09-23,221.154,2023-10-03,714.65,-71.6,Wait
POONAWALLA.NS,517.507,2024-01-19,334.881,2023-11-03,394.5,-123.007,Wait
MAZDOCK.NS,5843.015,2024-07-05,1723.418,2023-10-26,4131.7,-1711.314,Wait
BLUEDART.NS,9488.7,2024-09-17,5470.672,2024-03-19,8135.4,-1353.3,Wait
PPLPHARMA.NS,243.99,2024-09-11,87.437,2023-10-26,220.98,-23.01,Wait
FINCABLES.NS,1690.33,2024-06-25,826.522,2024-03-14,1430.4,-259.93,Wait
GMDCLTD.NS,492.956,2024-02-05,299.183,2023-11-07,362.3,-130.656,Wait
TATAINVEST.NS,9716.263,2024-03-07,2872.999,2023-10-26,6835.0,-2881.263,Wait
SWANENERGY.NS,782.117,2024-02-27,282.202,2023-10-04,575.15,-206.967,Wait
MGL.NS,1988.0,2024-09-25,961.039,2023-10-26,1934.5,-53.5,Wait
TRITURBINE.NS,842.501,2024-08-14,310.582,2023-10-26,690.0,-152.501,Wait
CGCL.NS,820.273,2023-12-04,191.065,2024-01-01,203.52,-616.753,Wait
KOTAKBANK.NS,1942.0,2024-09-23,1542.16,2024-05-03,1862.15,-79.85,Wait
ENDURANCE.NS,3051.242,2024-06-14,1534.99,2023-10-09,2420.75,-630.492,Wait
DCMSHRIRAM.NS,1210.0,2024-09-02,830.213,2024-03-28,1034.7,-175.3,Wait
SOBHA.NS,2157.323,2024-06-13,641.066,2023-10-04,1937.3,-220.023,Wait
NCC.NS,361.993,2024-07-31,135.611,2023-10-26,297.0,-64.993,Wait
AEGISLOG.NS,,,,,,,
PRINCEPIPE.NS,774.672,2024-01-05,520.458,2024-03-14,564.15,-210.522,Wait
LT.NS,3889.326,2024-06-03,2833.873,2023-10-30,3685.1,-204.226,Wait
CIEINDIA.NS,622.4,2024-07-09,403.299,2024-03-14,542.5,-79.9,Wait
DELHIVERY.NS,488.0,2024-02-05,354.2,2023-12-15,422.45,-65.55,Wait
OLECTRA.NS,2221.424,2024-02-22,1017.759,2023-10-26,1624.05,-597.374,Wait
RAYMOND.NS,3496.0,2024-07-08,1481.76,2023-12-01,1755.75,-1740.25,Wait
HEROMOTOCO.NS,6246.25,2024-09-24,2887.079,2023-10-09,5793.0,-453.25,Wait
TANLA.NS,1233.148,2024-01-12,777.372,2024-03-13,896.0,-337.148,Wait
M&MFIN.NS,343.0,2024-09-27,232.416,2023-10-30,332.9,-10.1,Wait
CGPOWER.NS,814.4,2024-09-25,358.158,2023-10-26,759.75,-54.65,Wait
SONACOMS.NS,768.65,2024-09-23,485.772,2023-10-25,730.2,-38.45,Wait
DMART.NS,5484.85,2024-09-24,3616.0,2023-10-03,5126.8,-358.05,Wait
LINDEINDIA.NS,9925.196,2024-05-22,5319.719,2024-01-18,8449.7,-1475.495,Wait
ICICIBANK.NS,1362.35,2024-09-20,891.327,2023-10-26,1283.5,-78.85,Wait
HDFCBANK.NS,1794.0,2024-07-03,1345.181,2024-02-14,1735.9,-58.1,Wait
CHOLAFIN.NS,1652.0,2024-09-24,1010.712,2024-03-06,1611.05,-40.95,Wait
SANOFI.NS,10524.95,2024-06-10,5892.8,2024-06-13,6851.95,-3673.0,Wait
KRBL.NS,404.641,2023-10-03,254.776,2024-06-04,304.5,-100.141,Wait
ANURAS.NS,1105.215,2024-01-04,719.693,2024-06-05,726.2,-379.015,Wait
KAJARIACER.NS,1578.7,2024-09-24,1105.433,2024-03-27,1462.45,-116.25,Wait
ANANDRATHI.NS,4299.95,2024-06-03,1644.1,2023-10-03,3930.5,-369.45,Wait
SUVENPHAR.NS,1287.9,2024-09-23,541.0,2023-10-26,1180.0,-107.9,Wait
ADANIPOWER.NS,895.85,2024-06-03,289.35,2023-10-26,652.4,-243.45,Wait
LTTS.NS,6000.0,2024-08-29,4066.572,2023-10-26,5360.0,-640.0,Wait
BSOFT.NS,856.897,2024-02-06,473.972,2023-10-03,604.0,-252.897,Wait
KNRCON.NS,415.099,2024-07-31,236.579,2024-03-15,338.3,-76.799,Wait
TITAGARH.NS,1895.921,2024-06-27,701.919,2023-10-26,1214.7,-681.221,Wait
CSBBANK.NS,422.25,2023-12-29,305.75,2024-09-30,306.0,-116.25,Wait
QUESS.NS,875.0,2024-09-23,394.208,2023-10-26,789.15,-85.85,Wait
CESC.NS,212.49,2024-09-26,79.712,2023-10-26,197.17,-15.32,Wait
BHARTIARTL.NS,1779.0,2024-09-26,890.488,2023-11-01,1716.25,-62.75,Wait
JBCHEPHARM.NS,2030.0,2024-08-16,1236.034,2023-10-26,1875.5,-154.5,Wait
ALLCARGO.NS,96.567,2024-01-02,57.773,2024-08-14,64.6,-31.967,Wait
GODFRYPHLP.NS,8480.0,2024-09-16,1972.287,2023-10-26,6880.9,-1599.1,Wait
SAPPHIRE.NS,401.0,2024-09-24,242.6,2023-11-02,362.9,-38.1,Wait
RITES.NS,405.473,2024-02-27,208.854,2023-10-26,344.65,-60.823,Wait
ZOMATO.NS,298.25,2024-09-23,100.0,2023-10-03,275.3,-22.95,Wait
J&KBANK.NS,149.636,2024-02-09,92.823,2023-10-26,105.62,-44.016,Wait
SUNTECK.NS,697.208,2024-07-16,379.076,2024-03-20,579.9,-117.308,Wait
GMMPFAUDLR.NS,1887.923,2023-10-03,1142.313,2024-06-05,1422.35,-465.573,Wait
BIKAJI.NS,1007.95,2024-09-27,449.57,2023-10-26,961.95,-46.0,Wait
SYRMA.NS,702.7,2023-12-19,384.731,2024-05-14,432.8,-269.9,Wait
IIFL.NS,698.938,2023-10-16,313.25,2024-03-27,465.9,-233.038,Wait
NAM-INDIA.NS,739.45,2024-08-22,308.472,2023-10-03,652.3,-87.15,Wait
FORTIS.NS,622.85,2024-09-20,313.156,2023-10-26,595.9,-26.95,Wait
ALKYLAMINE.NS,2722.022,2024-01-02,1799.421,2024-03-28,2296.0,-426.022,Wait
HDFCAMC.NS,4546.2,2024-09-05,2572.349,2023-10-04,4339.2,-207.0,Wait
CAMPUS.NS,371.9,2024-09-25,213.0,2024-03-28,342.5,-29.4,Wait
ADANIENSOL.NS,1348.0,2024-08-01,686.0,2023-10-26,1005.1,-342.9,Wait
PNBHOUSING.NS,1202.2,2024-09-13,604.0,2024-03-13,973.1,-229.1,Wait
NH.NS,1440.286,2024-02-14,976.821,2023-10-26,1225.0,-215.286,Wait
OBEROIRLTY.NS,1970.0,2024-09-26,1044.311,2023-10-26,1917.0,-53.0,Wait
MINDACORP.NS,652.0,2024-08-26,312.065,2023-10-26,596.0,-56.0,Wait
THERMAX.NS,5839.95,2024-07-08,2494.577,2023-11-30,5117.85,-722.1,Wait
ASTRAZEN.NS,8040.0,2024-09-24,4436.015,2023-10-03,7572.0,-468.0,Wait
HFCL.NS,171.0,2024-09-23,61.424,2023-10-26,148.2,-22.8,Wait
RTNINDIA.NS,94.85,2024-02-08,48.3,2023-10-26,76.35,-18.5,Wait
CCL.NS,852.685,2024-09-04,550.106,2024-05-22,699.55,-153.135,Wait
CRAFTSMAN.NS,7121.25,2024-09-25,3772.39,2024-03-20,6464.55,-656.7,Wait
INOXWIND.NS,261.9,2024-09-23,47.25,2023-10-04,239.05,-22.85,Wait
ELGIEQUIP.NS,796.564,2024-06-24,465.406,2023-10-26,675.75,-120.814,Wait
VBL.NS,680.548,2024-07-29,330.702,2023-10-26,605.05,-75.498,Wait
DATAPATTNS.NS,3647.559,2024-07-05,1731.468,2023-10-26,2326.0,-1321.559,Wait
GODREJCP.NS,1541.85,2024-09-11,944.481,2023-10-26,1392.5,-149.35,Wait
EQUITASBNK.NS,115.024,2024-01-12,74.6,2024-08-14,77.7,-37.324,Wait
ASAHIINDIA.NS,833.95,2024-09-23,500.018,2024-03-19,761.15,-72.8,Wait
AAVAS.NS,1978.95,2024-06-19,1307.0,2024-03-28,1816.9,-162.05,Wait
POLYMED.NS,2683.38,2024-09-03,1248.602,2023-10-25,2308.85,-374.53,Wait
UNOMINDA.NS,1255.0,2024-09-02,547.268,2023-10-26,1126.2,-128.8,Wait
VIJAYA.NS,973.0,2024-09-12,487.303,2023-10-09,884.9,-88.1,Wait
RADICO.NS,2332.7,2024-09-19,1139.259,2023-10-26,2076.25,-256.45,Wait
MEDPLUS.NS,849.0,2023-11-21,598.6,2024-02-14,665.85,-183.15,Wait
POWERGRID.NS,366.25,2024-09-25,185.395,2023-10-09,350.2,-16.05,Wait
APOLLOTYRE.NS,584.9,2024-09-26,361.845,2023-10-04,541.35,-43.55,Wait
CHOLAHLDNG.NS,2122.8,2024-09-26,960.758,2023-12-01,1998.05,-124.75,Wait
3MINDIA.NS,40642.949,2024-07-30,28120.408,2024-05-15,34032.0,-6610.949,Wait
FSL.NS,345.0,2024-09-25,145.713,2023-10-26,311.35,-33.65,Wait
ROUTE.NS,1942.45,2024-07-15,1384.486,2024-06-04,1538.9,-403.55,Wait
MEDANTA.NS,1513.9,2024-02-16,708.0,2023-10-26,1031.2,-482.7,Wait
AVANTIFEED.NS,793.0,2024-08-09,382.198,2023-10-26,618.5,-174.5,Wait
HAPPYFORGE.NS,1295.634,2024-07-04,810.5,2024-03-18,1163.85,-131.784,Wait
POLICYBZR.NS,1966.5,2024-09-20,661.3,2023-10-26,1681.6,-284.9,Wait
BAJAJHLDNG.NS,11281.955,2024-09-20,6571.791,2023-10-30,10494.15,-787.804,Wait
JUBLINGREA.NS,799.9,2024-09-26,402.176,2023-11-01,730.35,-69.55,Wait
DEVYANI.NS,223.0,2023-10-03,142.25,2024-03-13,195.4,-27.6,Wait
BLS.NS,474.4,2024-09-13,229.236,2023-10-03,367.3,-107.1,Wait
CYIENT.NS,2435.287,2023-12-22,1515.722,2023-10-26,1871.3,-563.987,Wait
GODREJPROP.NS,3402.7,2024-07-16,1532.85,2023-10-04,3143.35,-259.35,Wait
INTELLECT.NS,1195.015,2024-03-15,622.923,2023-10-26,982.0,-213.015,Wait
MANKIND.NS,2780.0,2024-09-24,1683.05,2023-11-01,2544.6,-235.4,Wait
BSE.NS,4200.0,2024-09-23,1245.783,2023-10-04,3662.05,-537.95,Wait
UNITDSPR.NS,,,,,,,
PVRINOX.NS,1830.4,2023-12-18,1204.2,2024-06-04,1688.0,-142.4,Wait
MAHLIFE.NS,675.819,2024-04-25,472.914,2023-11-01,544.45,-131.369,Wait
UNIONBANK.NS,168.058,2024-06-03,88.9,2023-10-26,122.66,-45.398,Wait
CONCORDBIO.NS,2664.0,2024-09-20,1045.149,2023-10-04,1952.0,-712.0,Wait
ITI.NS,384.3,2024-01-17,184.2,2023-10-09,257.35,-126.95,Wait
ADANIGREEN.NS,2174.1,2024-06-03,815.55,2023-10-26,1956.15,-217.95,Wait
GLAND.NS,2198.267,2024-08-06,1459.985,2023-10-26,1778.95,-419.317,Wait
TMB.NS,587.726,2023-10-18,429.089,2024-08-05,453.75,-133.976,Wait
SAREGAMA.NS,632.0,2024-09-25,306.558,2023-11-01,564.7,-67.3,Wait
EASEMYTRIP.NS,54.0,2024-02-09,32.78,2024-09-25,34.43,-19.57,Wait
HONASA.NS,547.0,2024-09-10,256.3,2023-11-10,450.45,-96.55,Wait
PAYTM.NS,998.3,2023-10-20,310.0,2024-05-09,663.3,-335.0,Wait
JAIBALAJI.NS,1314.0,2024-03-01,432.5,2023-10-03,1055.2,-258.8,Wait
JSWENERGY.NS,804.9,2024-09-24,346.359,2023-10-25,727.85,-77.05,Wait
HOMEFIRST.NS,1369.6,2024-09-24,773.604,2024-06-04,1181.0,-188.6,Wait
LODHA.NS,1647.059,2024-06-18,700.47,2023-10-26,1276.75,-370.309,Wait
