Symbol,Close,Gain,Loss,Average Gain,Average Loss,RS,RSI,Action
RENUKA,53.05,4.93,0.0,0.687,0.305,2.254,69.266,Wait
KPIL,1407.55,86.5,0.0,13.666,8.85,1.544,60.695,Wait
BALRAMCHIN,654.8,42.05,0.0,8.573,2.553,3.358,77.052,Wait
BPCL,367.3,22.2,0.0,3.64,1.772,2.054,67.26,Wait
BBTC,2858.9,164.35,0.0,38.179,19.174,1.991,66.569,Wait
WESTLIFE,930.45,53.75,0.0,10.025,4.067,2.465,71.141,Wait
PHOENIXLTD,1858.55,45.45,0.0,21.179,15.623,1.356,57.549,Wait
EXIDEIND,497.3,25.55,0.0,4.242,3.287,1.29,56.341,Wait
SJVN,133.84,7.85,0.0,1.102,0.955,1.154,53.567,Wait
PRAJIND,801.55,41.4,0.0,8.377,4.04,2.074,67.465,Wait
NBCC,177.41,8.32,0.0,1.909,1.894,1.008,50.189,Wait
SUNDARMFIN,5339.0,246.7,0.0,69.797,31.028,2.249,69.226,Wait
ARE&M,1392.15,62.2,0.0,8.249,11.043,0.747,42.759,Wait
EPL,255.05,10.05,0.0,2.499,1.915,1.305,56.62,Wait
PCBL,572.05,29.85,0.0,8.852,2.692,3.288,76.682,Wait
IOC,180.01,8.65,0.0,1.482,0.885,1.675,62.615,Wait
POLYCAB,7054.8,307.4,0.0,54.871,28.021,1.958,66.196,Wait
NLCINDIA,289.4,13.5,0.0,3.496,2.277,1.535,60.551,Wait
OIL,586.75,22.55,0.0,7.166,9.033,0.793,44.24,Wait
BRIGADE,1414.5,69.75,0.0,13.064,4.394,2.973,74.831,Wait
MAPMYINDIA,2162.5,75.15,0.0,17.279,12.736,1.357,57.567,Wait
CHAMBLFERT,525.25,17.15,0.0,5.737,4.4,1.304,56.595,Wait
AJANTPHARM,3333.05,149.0,0.0,39.504,26.141,1.511,60.179,Wait
HINDPETRO,437.95,16.0,0.0,4.105,2.025,2.028,66.97,Wait
CIPLA,1672.5,50.7,0.0,9.603,6.249,1.537,60.579,Wait
COCHINSHIP,1727.2,22.3,0.0,16.692,28.433,0.587,36.991,Wait
ZFCVINDIA,16317.8,235.6,0.0,116.837,105.631,1.106,52.519,Wait
JSWINFRA,352.7,11.7,0.0,3.935,2.236,1.759,63.761,Wait
SBFC,93.73,2.82,0.0,1.551,1.133,1.369,57.781,Wait
COLPAL,3764.05,65.65,0.0,18.75,7.484,2.505,71.473,Wait
RECLTD,560.2,16.1,0.0,4.214,4.947,0.852,45.995,Wait
DEEPAKNTR,2896.5,77.05,0.0,15.904,15.311,1.039,50.949,Wait
EIHOTEL,379.8,9.85,0.0,2.841,2.91,0.976,49.401,Wait
IDEA,10.66,0.28,0.0,0.101,0.273,0.368,26.899,Wait
ABFRL,352.1,10.05,0.0,3.495,1.798,1.944,66.032,Wait
GRANULES,556.1,12.4,0.0,5.216,8.486,0.615,38.069,Wait
PFC,493.85,13.4,0.0,3.647,4.461,0.817,44.979,Wait
CEATLTD,3250.25,79.5,0.0,40.176,14.92,2.693,72.92,Wait
NAUKRI,8170.75,223.05,0.0,68.133,33.479,2.035,67.052,Wait
SIEMENS,7295.2,217.95,0.0,54.954,25.212,2.18,68.55,Wait
SUNPHARMA,1948.7,50.3,0.0,11.833,3.037,3.897,79.578,Wait
CANBK,113.1,2.93,0.0,0.918,0.551,1.667,62.509,Wait
IRB,62.91,1.5,0.0,0.504,0.464,1.087,52.089,Wait
HAL,4474.15,104.85,0.0,30.587,37.853,0.808,44.692,Wait
GSPL,418.65,12.5,0.0,3.694,2.426,1.523,60.361,Wait
NSLNISP,52.84,1.26,0.0,0.391,0.407,0.958,48.94,Wait
DIVISLAB,5457.9,78.6,0.0,30.552,14.822,2.061,67.334,Wait
JIOFIN,359.15,9.3,0.0,2.669,1.629,1.638,62.097,Wait
NATCOPHARM,1413.15,30.25,0.0,7.938,13.212,0.601,37.531,Wait
BOSCHLTD,37976.102,834.203,0.0,372.704,114.609,3.252,76.481,Wait
EIDPARRY,843.7,15.4,0.0,6.079,4.27,1.424,58.741,Wait
PRESTIGE,1868.5,42.55,0.0,19.789,16.957,1.167,53.853,Wait
CONCOR,911.25,19.3,0.0,3.944,6.013,0.656,39.611,Wait
GAIL,236.98,6.41,0.0,2.315,1.383,1.674,62.604,Wait
ANGELONE,2532.3,56.65,0.0,27.544,25.158,1.095,52.264,Wait
IRCTC,924.9,18.15,0.0,4.851,4.794,1.012,50.298,Wait
WHIRLPOOL,2201.45,45.85,0.0,18.584,10.903,1.704,63.024,Wait
VEDL,513.0,11.25,0.0,6.282,2.275,2.761,73.411,Wait
TATATECH,1121.0,26.05,0.0,9.106,5.506,1.654,62.32,Wait
BATAINDIA,1449.55,23.55,0.0,4.873,4.252,1.146,53.406,Wait
LLOYDSME,942.85,23.6,0.0,13.105,3.263,4.017,80.066,Wait
PIDILITIND,3363.45,73.8,0.0,21.559,11.293,1.909,65.625,Wait
NATIONALUM,207.04,4.02,0.0,2.915,1.242,2.346,70.116,Wait
COROMANDEL,1657.0,22.85,0.0,7.103,9.284,0.765,43.343,Wait
WELCORP,740.5,15.05,0.0,7.093,3.505,2.024,66.931,Wait
NAVINFLUOR,3429.25,45.95,0.0,18.917,12.522,1.511,60.171,Wait
TATAPOWER,485.5,9.45,0.0,4.535,1.455,3.117,75.71,Wait
RELIANCE,3052.35,56.45,0.0,13.261,7.559,1.754,63.694,Wait
JMFINANCIL,142.89,1.65,0.0,2.402,0.919,2.613,72.321,Wait
SUMICHEM,560.1,11.45,0.0,6.085,5.76,1.056,51.368,Wait
HUDCO,238.45,3.85,0.0,2.121,3.503,0.606,37.716,Wait
SWSOLAR,648.75,6.3,0.0,6.846,9.842,0.696,41.024,Wait
CUMMINSIND,3864.8,70.6,0.0,28.08,22.745,1.235,55.248,Wait
SOLARINDS,11735.85,0.0,26.801,103.692,48.97,2.117,67.923,Wait
DOMS,2689.65,49.55,0.0,25.58,21.902,1.168,53.873,Wait
LUPIN,2218.5,30.35,0.0,14.353,11.307,1.269,55.936,Wait
TITAN,3816.7,59.15,0.0,22.945,12.922,1.776,63.973,Wait
MRF,140973.906,2121.75,0.0,736.021,409.202,1.799,64.269,Wait
CENTURYTEX,2748.05,37.85,0.0,33.767,22.301,1.514,60.225,Wait
UPL,610.65,9.55,0.0,3.919,2.761,1.42,58.671,Wait
GLS,1030.3,10.75,0.0,11.005,17.548,0.627,38.542,Wait
ALOKINDS,25.35,0.29,0.0,0.149,0.208,0.716,41.739,Wait
OFSS,11392.8,113.149,0.0,120.158,111.243,1.08,51.926,Wait
RATNAMANI,3646.0,9.35,0.0,11.812,14.75,0.801,44.471,Wait
HCLTECH,1808.4,24.55,0.0,10.753,6.318,1.702,62.992,Wait
HBLPOWER,609.7,6.75,0.0,4.307,4.885,0.882,46.86,Wait
EICHERMOT,5062.6,68.35,0.0,30.468,16.354,1.863,65.072,Wait
PNB,109.22,1.93,0.0,0.815,0.949,0.859,46.198,Wait
HINDALCO,747.15,12.5,0.0,6.876,2.478,2.775,73.507,Wait
CHALET,890.35,10.35,0.0,7.647,5.917,1.292,56.379,Wait
GRASIM,2783.15,37.3,0.0,20.551,14.745,1.394,58.225,Wait
TVSMOTOR,2949.7,58.6,0.0,19.214,6.47,2.97,74.809,Wait
INDIGO,4945.7,78.15,0.0,32.088,20.078,1.598,61.511,Wait
NTPC,436.9,2.3,0.0,3.203,1.499,2.137,68.127,Wait
RAILTEL,468.3,6.7,0.0,4.183,4.586,0.912,47.701,Wait
KANSAINER,309.35,5.3,0.0,1.727,1.303,1.325,56.985,Wait
TORNTPHARM,3482.6,70.3,0.0,18.299,12.11,1.511,60.175,Wait
COALINDIA,516.1,9.55,0.0,3.676,2.655,1.384,58.06,Wait
VIPIND,555.25,7.2,0.0,7.159,3.662,1.955,66.157,Wait
APTUS,364.45,3.95,0.0,3.86,1.906,2.025,66.941,Wait
JINDALSAW,745.5,9.65,0.0,8.702,5.231,1.663,62.455,Wait
JKCEMENT,4636.25,54.05,0.0,33.328,30.944,1.077,51.854,Wait
INDIAMART,2918.2,28.7,0.0,17.925,22.698,0.79,44.125,Wait
KAYNES,5552.85,69.65,0.0,63.596,33.133,1.919,65.746,Wait
BALKRISIND,3042.7,29.35,0.0,17.879,16.866,1.06,51.457,Wait
BANKBARODA,249.6,4.45,0.0,1.494,1.025,1.457,59.298,Wait
IRCON,227.35,2.55,0.0,1.362,2.56,0.532,34.732,Open the eyes
BHEL,287.55,6.9,0.0,2.707,2.025,1.337,57.214,Wait
ICICIPRULI,789.5,7.3,0.0,5.233,2.613,2.003,66.7,Wait
COFORGE,6935.35,61.1,0.0,48.408,27.621,1.753,63.671,Wait
TATACHEM,1067.2,12.75,0.0,6.208,5.132,1.21,54.744,Wait
APOLLOHOSP,7234.0,66.15,0.0,33.411,12.984,2.573,72.014,Wait
HEG,2453.3,39.6,0.0,31.556,10.443,3.022,75.135,Wait
MRPL,179.76,1.97,0.0,0.99,1.943,0.509,33.748,Open the eyes
JUSTDIAL,1164.75,10.6,0.0,8.451,11.346,0.745,42.687,Wait
BAJAJFINSV,2010.7,27.9,0.0,17.969,4.983,3.606,78.291,Wait
AMBUJACEM,634.0,8.85,0.0,3.258,2.677,1.217,54.896,Wait
SRF,2461.55,3.3,0.0,10.213,11.262,0.907,47.558,Wait
ATUL,7665.7,102.4,0.0,33.846,39.26,0.862,46.297,Wait
KPRMILL,972.6,4.1,0.0,12.527,7.259,1.726,63.313,Wait
GLENMARK,1685.7,7.4,0.0,10.556,8.99,1.174,54.006,Wait
GNFC,675.25,7.25,0.0,3.791,3.164,1.198,54.505,Wait
EMAMILTD,751.65,9.4,0.0,3.608,5.642,0.639,39.003,Wait
NHPC,95.34,1.91,0.0,0.557,0.576,0.966,49.144,Wait
DABUR,633.0,7.25,0.0,2.793,3.83,0.729,42.176,Wait
FLUOROCHEM,4299.6,37.95,0.0,56.117,29.531,1.9,65.521,Wait
ASIANPAINT,3310.75,33.7,0.0,15.536,10.014,1.551,60.807,Wait
TIMKEN,3812.35,42.9,0.0,31.408,31.844,0.986,49.655,Wait
USHAMART,354.95,3.25,0.0,2.758,2.428,1.136,53.18,Wait
METROPOLIS,2183.2,22.1,0.0,12.309,9.035,1.362,57.669,Wait
SYNGENE,884.15,3.8,0.0,5.535,5.241,1.056,51.361,Wait
GUJGASLTD,610.8,5.35,0.0,3.03,4.06,0.746,42.735,Wait
GMRINFRA,95.09,0.98,0.0,0.605,0.57,1.062,51.514,Wait
BDL,1130.25,6.6,0.0,5.619,13.17,0.427,29.908,Open the eyes
TORNTPOWER,1907.8,18.4,0.0,24.103,15.095,1.597,61.49,Wait
LAURUSLABS,464.5,1.3,0.0,2.677,3.257,0.822,45.112,Wait
TIINDIA,4146.95,30.4,0.0,36.786,32.673,1.126,52.961,Wait
UBL,2180.9,24.1,0.0,17.207,9.636,1.786,64.103,Wait
SBICARD,786.3,5.05,0.0,4.936,3.749,1.317,56.837,Wait
RCF,182.88,1.32,0.0,1.093,1.724,0.634,38.803,Wait
KIMS,545.1,2.45,0.0,4.175,2.707,1.542,60.665,Wait
IDFC,111.9,1.06,0.0,0.562,0.491,1.144,53.363,Wait
ECLERX,2997.3,32.3,0.0,30.386,12.902,2.355,70.195,Wait
HINDZINC,523.05,6.05,0.0,4.23,3.5,1.209,54.723,Wait
PETRONET,339.35,3.05,0.0,2.01,2.323,0.865,46.395,Wait
RVNL,526.35,4.5,0.0,4.037,5.657,0.714,41.648,Wait
MOTHERSON,215.1,2.12,0.0,2.123,0.855,2.483,71.291,Wait
MASTEK,2641.45,0.8,0.0,13.375,20.26,0.66,39.766,Wait
BERGEPAINT,617.55,3.65,0.0,2.994,1.628,1.839,64.774,Wait
APLAPOLLO,1532.4,15.7,0.0,12.473,6.679,1.867,65.126,Wait
ABB,8133.45,63.05,0.0,69.972,47.891,1.461,59.367,Wait
CROMPTON,422.8,3.55,0.0,1.929,3.809,0.506,33.617,Open the eyes
ACE,1418.8,7.2,0.0,14.336,8.773,1.634,62.037,Wait
KFINTECH,1044.5,6.75,0.0,12.798,10.887,1.176,54.035,Wait
REDINGTON,186.93,1.14,0.0,0.666,1.19,0.559,35.862,Wait
JYOTHYLAB,543.25,4.75,0.0,3.15,3.192,0.987,49.668,Wait
INDUSINDBK,1462.7,10.0,0.0,6.656,4.972,1.339,57.244,Wait
MUTHOOTFIN,2057.75,10.25,0.0,14.381,8.523,1.687,62.79,Wait
POWERINDIA,13647.7,131.7,0.0,154.711,70.934,2.181,68.564,Wait
RKFORGE,1018.7,8.85,0.0,7.757,4.877,1.591,61.401,Wait
VOLTAS,1866.7,9.15,0.0,14.257,10.261,1.389,58.15,Wait
SAIL,140.54,1.34,0.0,1.4,0.847,1.652,62.299,Wait
PIIND,4652.95,28.9,0.0,21.548,15.04,1.433,58.893,Wait
TTML,85.05,0.51,0.0,0.464,0.823,0.564,36.053,Wait
MARUTI,13495.6,111.8,0.0,98.434,26.614,3.699,78.717,Wait
HAVELLS,2031.3,9.25,0.0,12.285,7.462,1.646,62.213,Wait
MPHASIS,3082.6,28.9,0.0,23.609,19.371,1.219,54.93,Wait
ZYDUSLIFE,1075.95,7.95,0.0,4.326,6.567,0.659,39.715,Wait
INDIANB,539.45,6.8,0.0,4.14,3.688,1.123,52.888,Wait
BEL,293.45,2.95,0.0,2.034,1.86,1.094,52.239,Wait
GRINDWELL,2400.15,11.85,0.0,9.738,11.854,0.821,45.099,Wait
ADANIENT,3130.3,7.65,0.0,16.636,9.89,1.682,62.715,Wait
RAMCOCEM,863.35,2.35,0.0,4.179,2.345,1.782,64.05,Wait
SUNTV,835.05,1.5,0.0,5.067,3.91,1.296,56.446,Wait
HDFCLIFE,730.2,0.65,0.0,4.398,3.279,1.341,57.289,Wait
BAYERCROP,6301.7,39.2,0.0,25.676,30.958,0.829,45.337,Wait
NUVAMA,6842.65,58.75,0.0,62.208,43.805,1.42,58.679,Wait
AFFLE,1597.85,7.75,0.0,10.583,8.515,1.243,55.413,Wait
PERSISTENT,5437.0,10.55,0.0,41.165,23.529,1.75,63.631,Wait
INFY,1906.75,6.5,0.0,7.303,6.465,1.13,53.043,Wait
LATENTVIEW,475.35,0.2,0.0,2.47,3.181,0.777,43.712,Wait
GODREJIND,1234.6,0.0,2.25,9.617,3.196,3.01,75.06,Wait
APLLTD,1194.85,0.0,0.9,13.133,10.14,1.295,56.43,Wait
CDSL,1463.05,0.0,5.75,11.777,9.497,1.24,55.36,Wait
FEDERALBNK,193.71,1.14,0.0,0.971,0.708,1.373,57.852,Wait
ACI,696.75,5.55,0.0,4.68,5.921,0.79,44.145,Wait
FIVESTAR,801.55,4.3,0.0,7.028,4.362,1.611,61.705,Wait
CELLO,880.55,6.55,0.0,4.146,5.233,0.792,44.209,Wait
MSUMI,72.44,0.15,0.0,0.345,0.207,1.667,62.51,Wait
KEI,4200.2,3.4,0.0,21.773,34.309,0.635,38.824,Wait
TATASTEEL,166.55,0.94,0.0,1.391,0.56,2.486,71.313,Wait
GESHIP,1209.7,3.6,0.0,5.552,9.79,0.567,36.187,Wait
JUBLFOOD,688.25,0.35,0.0,4.642,3.136,1.48,59.682,Wait
NMDC,235.18,0.89,0.0,2.397,1.329,1.804,64.334,Wait
KEC,1025.1,2.65,0.0,12.098,6.912,1.75,63.641,Wait
TCS,4308.7,16.2,0.0,11.734,16.904,0.694,40.974,Wait
PEL,1093.7,4.75,0.0,10.106,7.376,1.37,57.807,Wait
M&M,3183.65,2.55,0.0,31.746,8.368,3.794,79.14,Wait
ABBOTINDIA,29271.65,86.951,0.0,155.095,124.257,1.248,55.52,Wait
BANKINDIA,110.77,0.26,0.0,0.379,0.612,0.619,38.218,Wait
BAJAJ-AUTO,12666.4,44.75,0.0,115.315,23.654,4.875,82.979,Wait
ASTERDM,415.55,4.45,0.0,2.302,1.768,1.302,56.56,Wait
IPCALAB,1478.1,0.0,0.95,9.766,6.07,1.609,61.668,Wait
IDFCFIRSTB,74.19,0.16,0.0,0.375,0.337,1.112,52.659,Wait
AARTIIND,583.4,0.95,0.0,2.989,4.261,0.702,41.229,Wait
LTF,187.9,1.08,0.0,1.592,0.752,2.118,67.93,Wait
IGL,549.5,0.6,0.0,3.544,2.898,1.223,55.011,Wait
WELSPUNLIV,165.51,0.0,0.12,0.951,1.927,0.493,33.034,Open the eyes
TEJASNET,1214.05,1.7,0.0,8.196,11.807,0.694,40.973,Wait
HINDCOPPER,344.5,0.75,0.0,2.97,1.491,1.992,66.575,Wait
ONGC,297.2,2.0,0.0,1.956,2.396,0.816,44.941,Wait
STARHEALTH,614.95,5.95,0.0,3.2,2.84,1.127,52.983,Wait
MCX,5702.9,0.0,12.75,49.567,24.04,2.062,67.34,Wait
FINEORG,5284.8,18.1,0.0,28.652,31.052,0.923,47.99,Wait
BALAMINES,2284.75,0.0,1.85,10.299,9.59,1.074,51.783,Wait
IDBI,88.64,0.36,0.0,0.687,0.885,0.776,43.706,Wait
AETHER,923.25,4.3,0.0,6.549,8.342,0.785,43.979,Wait
UCOBANK,48.81,0.26,0.0,0.277,0.35,0.79,44.135,Wait
ASTRAL,2004.85,0.0,3.7,11.228,8.459,1.327,57.033,Wait
BRITANNIA,6268.8,14.7,0.0,28.406,10.609,2.678,72.808,Wait
GPPL,219.52,0.78,0.0,1.197,1.563,0.766,43.382,Wait
ABCAPITAL,236.3,0.06,0.0,1.652,0.861,1.92,65.751,Wait
KARURVYSYA,217.21,0.0,0.06,1.187,1.235,0.961,49.014,Wait
YESBANK,22.74,0.0,0.0,0.07,0.12,0.584,36.861,Wait
ACC,2483.3,10.9,0.0,11.82,8.969,1.318,56.858,Wait
SCHAEFFLER,3860.25,2.5,0.0,23.631,27.456,0.861,46.257,Wait
SBIN,802.65,0.8,0.0,3.811,3.7,1.03,50.738,Wait
LEMONTREE,121.96,0.03,0.0,0.472,0.987,0.478,32.341,Open the eyes
SONATSOFTW,630.25,0.0,1.45,3.494,5.06,0.69,40.843,Wait
INDHOTEL,710.3,0.4,0.0,4.888,2.577,1.897,65.476,Wait
CENTURYPLY,876.1,0.0,6.55,8.87,5.349,1.658,62.381,Wait
IRFC,156.81,0.0,0.04,0.632,1.426,0.443,30.717,Open the eyes
CANFINHOME,884.3,0.0,0.95,7.415,6.356,1.167,53.845,Wait
WIPRO,541.8,0.0,0.1,3.633,2.87,1.266,55.872,Wait
DRREDDY,6749.9,5.5,0.0,25.299,22.423,1.128,53.014,Wait
TECHM,1609.25,2.3,0.0,9.08,8.939,1.016,50.39,Wait
GICRE,401.3,1.35,0.0,2.994,2.713,1.103,52.459,Wait
ENGINERSIN,211.9,0.24,0.0,2.056,2.559,0.804,44.555,Wait
SHRIRAMFIN,3621.05,0.0,7.4,32.174,12.491,2.576,72.035,Wait
RAJESHEXPO,288.05,0.35,0.0,1.256,1.563,0.803,44.552,Wait
TRIDENT,35.67,0.0,0.03,0.101,0.171,0.59,37.089,Wait
STLTECH,126.02,0.0,0.19,0.478,0.823,0.582,36.771,Wait
MANYAVAR,1350.7,18.55,0.0,12.224,5.666,2.157,68.329,Wait
HAPPSTMNDS,798.9,0.25,0.0,2.859,2.989,0.956,48.888,Wait
PGHH,16413.15,0.0,6.0,36.048,48.147,0.749,42.815,Wait
CASTROLIND,244.25,0.0,0.8,1.359,2.145,0.633,38.78,Wait
CAMS,4454.95,0.0,21.0,37.581,33.906,1.108,52.57,Wait
MMTC,89.73,0.0,0.18,0.584,0.968,0.604,37.638,Wait
SPARC,212.46,0.0,0.21,0.863,1.525,0.566,36.143,Wait
AXISBANK,1273.15,0.0,3.95,6.683,2.586,2.584,72.099,Wait
LALPATHLAB,3271.85,0.0,9.35,13.078,15.448,0.847,45.846,Wait
JKLAKSHMI,769.65,0.0,0.1,2.182,3.463,0.63,38.651,Wait
HSCL,656.95,0.05,0.0,7.764,2.21,3.513,77.841,Wait
CHEMPLASTS,508.95,0.0,2.65,2.682,2.821,0.951,48.742,Wait
CHENNPETRO,920.65,0.9,0.0,5.341,5.692,0.938,48.409,Wait
PAGEIND,42034.051,0.852,0.0,181.217,180.741,1.003,50.066,Wait
GRSE,1698.2,0.0,7.15,15.856,24.624,0.644,39.17,Wait
GILLETTE,8490.55,0.0,41.0,32.316,47.359,0.682,40.56,Wait
APARINDS,9492.6,22.199,0.0,103.246,98.216,1.051,51.248,Wait
ITC,522.7,0.0,0.05,2.24,1.209,1.853,64.95,Wait
RRKABEL,1706.0,0.0,3.85,11.169,8.059,1.386,58.086,Wait
BLUESTARCO,2119.5,0.0,15.3,27.206,8.366,3.252,76.482,Wait
LICHSGFIN,664.0,0.0,2.45,4.661,6.081,0.766,43.39,Wait
MAHABANK,59.83,0.0,0.21,0.451,0.528,0.854,46.051,Wait
LTIM,6136.1,0.0,27.95,31.088,31.32,0.993,49.814,Wait
SKFINDIA,5410.2,0.0,13.0,17.311,15.759,1.099,52.347,Wait
GAEL,127.28,0.0,0.54,0.704,1.203,0.585,36.91,Wait
GSFC,218.71,0.09,0.0,1.066,1.607,0.664,39.888,Wait
BAJFINANCE,7756.0,0.0,12.4,56.102,26.042,2.154,68.297,Wait
JBMA,1813.35,0.0,6.45,8.746,16.508,0.53,34.633,Open the eyes
VARROC,582.1,0.0,2.95,5.765,5.053,1.141,53.291,Wait
CENTRALBK,59.68,0.22,0.0,0.35,0.369,0.947,48.634,Wait
SBILIFE,1882.65,0.0,15.65,12.898,9.734,1.325,56.989,Wait
LICI,1024.25,0.0,3.8,5.026,6.221,0.808,44.686,Wait
RBLBANK,207.52,0.0,0.48,1.001,1.62,0.618,38.188,Wait
MANAPPURAM,202.64,0.0,1.05,1.128,1.493,0.756,43.041,Wait
CAPLIPOINT,1912.4,0.0,5.85,20.946,19.319,1.084,52.019,Wait
TATAMOTORS,993.0,0.0,0.15,5.541,7.049,0.786,44.01,Wait
MAXHEALTH,994.75,0.0,2.6,10.809,7.019,1.54,60.629,Wait
ALKEM,6184.6,0.0,12.55,37.635,28.721,1.31,56.717,Wait
DIXON,14037.65,0.0,62.35,133.192,80.349,1.658,62.373,Wait
CRISIL,4559.95,0.0,28.35,18.989,20.897,0.909,47.608,Wait
ERIS,1267.55,0.0,7.1,6.911,11.692,0.591,37.151,Wait
VGUARD,446.35,0.15,0.0,2.239,3.236,0.692,40.888,Wait
MARICO,692.45,0.0,1.15,3.911,3.097,1.263,55.806,Wait
FINPIPE,281.05,0.0,1.75,1.136,2.515,0.452,31.122,Open the eyes
AWL,344.05,0.0,1.6,1.896,2.825,0.671,40.167,Wait
BHARATFORG,1522.5,0.0,6.0,6.302,10.684,0.59,37.102,Wait
ESCORTS,4328.0,0.0,23.35,41.459,15.233,2.722,73.13,Wait
BEML,3711.05,0.0,29.65,27.42,39.924,0.687,40.716,Wait
MTARTECH,1729.85,0.0,8.55,5.994,9.085,0.66,39.75,Wait
NUVOCO,356.1,0.0,1.95,2.325,2.008,1.158,53.666,Wait
SHREECEM,26247.9,124.801,0.0,133.606,88.805,1.504,60.072,Wait
MFSL,1182.8,0.0,12.6,8.857,5.186,1.708,63.073,Wait
AUROPHARMA,1511.35,0.0,3.95,7.269,7.557,0.962,49.028,Wait
JSL,779.45,0.0,2.35,6.967,5.029,1.385,58.078,Wait
SUNDRMFAST,1396.2,0.0,10.65,6.937,5.94,1.168,53.872,Wait
UJJIVANSFB,40.93,0.0,0.33,0.136,0.267,0.51,33.776,Open the eyes
SCHNEIDER,821.9,0.0,7.15,9.308,8.244,1.129,53.033,Wait
MHRIL,388.05,0.0,0.95,1.171,2.976,0.393,28.228,Wait
INDUSTOWER,392.4,0.0,1.35,2.648,4.348,0.609,37.844,Wait
CARBORUNIV,1499.7,0.0,19.6,7.081,9.089,0.779,43.79,Wait
JSWSTEEL,1001.55,0.0,4.0,6.983,3.596,1.942,66.005,Wait
JWL,518.85,0.0,3.25,4.839,6.591,0.734,42.336,Wait
CERA,8123.65,0.0,33.25,30.081,73.161,0.411,29.136,Open the eyes
NETWORK18,81.94,0.0,0.27,0.524,1.002,0.523,34.35,Open the eyes
NYKAA,200.02,0.0,1.09,1.419,1.646,0.862,46.292,Wait
NESTLEIND,2745.7,0.0,9.8,16.44,5.463,3.009,75.058,Wait
METROBRAND,1275.75,0.0,1.45,7.316,6.763,1.082,51.964,Wait
TATAELXSI,7811.4,0.0,22.9,63.492,52.45,1.211,54.762,Wait
SUPREMEIND,5266.75,0.0,4.0,28.731,35.151,0.817,44.975,Wait
VAIBHAVGBL,302.85,0.0,1.65,1.487,2.184,0.681,40.509,Wait
GRAPHITE,588.75,0.0,3.3,6.101,3.301,1.848,64.887,Wait
HONAUT,48840.699,0.0,367.051,147.972,264.423,0.56,35.881,Wait
TRIVENI,470.15,0.0,1.95,4.06,3.698,1.098,52.331,Wait
AIAENG,4290.15,0.0,31.1,22.883,27.114,0.844,45.769,Wait
SIGNATURE,1588.3,0.0,13.3,11.654,5.606,2.079,67.52,Wait
BANDHANBNK,203.22,0.0,2.1,1.564,1.614,0.969,49.214,Wait
TRENT,7833.7,0.0,11.7,63.531,14.956,4.248,80.945,Wait
PATANJALI,1701.5,0.0,10.35,6.936,14.949,0.464,31.692,Open the eyes
HINDUNILVR,2966.25,0.0,19.85,17.934,11.518,1.557,60.893,Wait
LXCHEM,288.65,0.0,2.0,2.427,2.79,0.87,46.519,Wait
FACT,960.8,0.0,6.7,6.283,7.828,0.803,44.524,Wait
RHIM,608.75,0.0,5.7,3.76,3.375,1.114,52.695,Wait
SAMMAANCAP,166.87,0.0,0.32,1.661,1.498,1.109,52.59,Wait
JINDALSTEL,1028.05,0.0,0.2,7.755,5.474,1.417,58.622,Wait
VTL,465.65,0.0,3.95,1.853,3.583,0.517,34.087,Open the eyes
ASHOKLEY,239.55,0.0,1.65,1.058,1.386,0.764,43.303,Wait
MOTILALOFS,750.65,0.0,4.15,6.558,5.726,1.145,53.387,Wait
ATGL,783.75,0.0,8.35,4.393,7.142,0.615,38.083,Wait
DEEPAKFERT,1065.7,0.0,5.6,13.373,9.854,1.357,57.575,Wait
BIOCON,368.85,0.0,4.0,2.855,2.781,1.027,50.656,Wait
RBA,111.48,0.0,1.14,0.84,0.649,1.295,56.424,Wait
SUZLON,81.09,0.0,0.75,0.782,0.627,1.246,55.484,Wait
IEX,206.25,0.0,2.41,2.521,2.855,0.883,46.89,Wait
ELECON,695.3,0.0,7.0,7.417,3.101,2.392,70.52,Wait
TATACOMM,2126.45,0.0,18.7,19.074,9.451,2.018,66.867,Wait
DALBHARAT,1894.75,0.0,21.0,11.461,9.305,1.232,55.193,Wait
CREDITACC,1204.3,0.0,13.8,5.973,8.233,0.726,42.047,Wait
UTIAMC,1248.85,0.0,9.6,9.265,7.437,1.246,55.471,Wait
GLAXO,2697.5,0.0,29.75,12.606,18.927,0.666,39.977,Wait
KPITTECH,1671.0,0.0,11.45,9.862,14.766,0.668,40.044,Wait
JUBLPHARMA,1169.7,0.0,11.85,15.594,8.25,1.89,65.4,Wait
INDIGOPNTS,1471.5,0.0,8.75,7.21,7.525,0.958,48.931,Wait
360ONE,1067.55,0.0,12.2,9.111,9.583,0.951,48.738,Wait
TVSSCS,197.91,0.0,2.23,1.629,1.815,0.898,47.302,Wait
BIRLACORPN,1236.25,0.0,15.1,4.316,10.513,0.411,29.106,Open the eyes
CLEAN,1537.25,0.0,20.05,8.104,8.52,0.951,48.748,Wait
RAINBOW,1400.45,0.0,10.75,11.73,5.364,2.187,68.62,Wait
IOB,58.36,0.0,0.31,0.381,0.479,0.795,44.291,Wait
KSB,890.45,0.0,13.55,4.058,5.104,0.795,44.291,Wait
TATACONSUM,1201.55,0.0,11.9,5.515,5.548,0.994,49.849,Wait
GPIL,1055.55,0.0,7.5,11.447,5.974,1.916,65.709,Wait
ULTRACEMCO,11952.3,0.0,112.7,63.694,40.03,1.591,61.407,Wait
MAHSEAMLES,636.9,0.0,7.35,4.11,5.231,0.786,44.003,Wait
AUBANK,731.1,0.0,4.85,4.786,2.741,1.746,63.587,Wait
PNCINFRA,433.55,0.0,5.2,1.681,2.985,0.563,36.023,Wait
ICICIGI,2238.15,0.0,19.35,16.688,10.912,1.529,60.463,Wait
DLF,914.05,0.0,9.95,7.109,3.647,1.949,66.095,Wait
INDIACEM,359.2,0.0,3.05,1.23,1.509,0.815,44.9,Wait
SHYAMMETL,900.3,0.0,16.9,9.782,6.235,1.569,61.072,Wait
ZEEL,135.75,0.0,0.78,1.257,1.19,1.056,51.369,Wait
CUB,163.85,0.0,1.93,0.784,1.048,0.749,42.815,Wait
BORORENEW,492.05,0.0,6.05,1.988,2.887,0.689,40.784,Wait
ZENSARTECH,676.7,0.0,8.3,3.665,8.822,0.415,29.353,Open the eyes
JKPAPER,450.0,0.0,3.65,2.956,3.958,0.747,42.754,Wait
NIACL,233.45,0.0,2.4,1.681,2.632,0.639,38.98,Wait
FDC,541.3,0.0,4.3,5.387,6.268,0.859,46.22,Wait
AMBER,4658.75,0.0,9.1,61.908,51.765,1.196,54.462,Wait
ISEC,890.35,0.0,6.2,5.192,2.285,2.273,69.443,Wait
PRSMJOHNSN,206.21,0.0,5.13,3.566,2.82,1.264,55.837,Wait
TV18BRDCST,44.74,0.0,0.55,0.357,0.524,0.682,40.542,Wait
SAFARI,2330.15,0.0,39.15,11.794,18.863,0.625,38.471,Wait
ADANIPORTS,1456.7,0.0,15.9,7.438,7.688,0.967,49.173,Wait
KALYANKJIL,706.7,0.0,10.0,8.997,6.616,1.36,57.624,Wait
POONAWALLA,395.8,0.0,3.8,2.579,2.472,1.044,51.065,Wait
MAZDOCK,4195.8,0.0,39.15,39.91,52.531,0.76,43.173,Wait
BLUEDART,8100.1,0.0,100.8,71.856,80.628,0.891,47.124,Wait
PPLPHARMA,223.1,0.0,3.19,2.544,1.794,1.418,58.638,Wait
FINCABLES,1443.35,0.0,15.6,11.272,11.423,0.987,49.667,Wait
GMDCLTD,359.8,0.0,4.65,1.298,1.991,0.652,39.462,Wait
TATAINVEST,6841.45,0.0,54.5,45.67,44.634,1.023,50.574,Wait
SWANENERGY,581.8,0.0,10.8,4.58,7.548,0.607,37.763,Wait
MGL,1946.6,0.0,18.35,15.689,9.578,1.638,62.092,Wait
TRITURBINE,698.55,0.0,12.95,4.733,7.109,0.666,39.966,Wait
CGCL,206.1,0.0,1.08,0.788,1.089,0.723,41.958,Wait
KOTAKBANK,1872.45,0.0,29.85,9.281,6.864,1.352,57.484,Wait
ENDURANCE,2367.1,0.0,16.5,10.89,18.456,0.59,37.11,Wait
DCMSHRIRAM,1034.35,0.0,19.95,4.745,9.194,0.516,34.04,Open the eyes
SOBHA,1967.55,0.0,28.6,20.918,11.96,1.749,63.623,Wait
NCC,302.4,0.0,3.95,1.761,2.713,0.649,39.356,Wait
AEGISLOG,738.85,0.0,9.4,5.237,8.686,0.603,37.616,Wait
PRINCEPIPE,559.85,0.0,8.25,2.604,4.272,0.61,37.873,Wait
LT,3705.65,0.0,56.5,18.248,16.719,1.091,52.185,Wait
CIEINDIA,544.3,0.0,5.65,2.627,4.487,0.586,36.93,Wait
DELHIVERY,430.45,0.0,6.3,2.469,1.915,1.289,56.32,Wait
OLECTRA,1636.3,0.0,23.35,10.656,10.627,1.003,50.068,Wait
RAYMOND,1793.3,0.0,30.75,10.486,19.201,0.546,35.323,Wait
HEROMOTOCO,5957.35,0.0,94.1,37.096,24.254,1.529,60.466,Wait
TANLA,889.95,0.0,17.75,3.971,7.02,0.566,36.129,Wait
M&MFIN,333.5,0.0,7.0,2.66,1.901,1.399,58.318,Wait
CGPOWER,761.75,0.0,10.35,6.934,4.563,1.52,60.313,Wait
SONACOMS,735.45,0.0,8.65,6.283,5.163,1.217,54.894,Wait
DMART,5102.3,0.0,95.75,27.635,33.966,0.814,44.862,Wait
LINDEINDIA,8423.25,0.0,159.15,90.547,58.941,1.536,60.571,Wait
ICICIBANK,1306.6,0.0,22.45,7.503,4.397,1.706,63.051,Wait
HDFCBANK,1752.65,0.0,30.8,8.727,4.106,2.125,68.002,Wait
CHOLAFIN,1609.0,0.0,32.75,12.649,7.348,1.721,63.255,Wait
SANOFI,6751.8,0.0,171.6,26.75,49.058,0.545,35.287,Wait
KRBL,300.65,0.0,4.5,1.607,1.852,0.868,46.454,Wait
ANURAS,728.25,0.0,8.25,1.073,3.531,0.304,23.316,Wait
KAJARIACER,1475.45,0.0,20.4,9.751,8.252,1.182,54.163,Wait
ANANDRATHI,3875.0,0.0,53.8,20.853,19.544,1.067,51.62,Wait
SUVENPHAR,1158.85,0.0,20.0,12.211,10.603,1.152,53.526,Wait
ADANIPOWER,654.3,0.0,11.05,4.536,5.156,0.88,46.801,Wait
LTTS,5356.55,0.0,103.4,24.06,34.643,0.694,40.986,Wait
BSOFT,604.05,0.0,11.9,4.384,6.687,0.656,39.599,Wait
KNRCON,336.6,0.0,6.0,3.299,3.606,0.915,47.775,Wait
TITAGARH,1226.85,0.0,22.15,8.407,17.915,0.469,31.938,Open the eyes
CSBBANK,308.7,0.0,6.15,1.262,2.328,0.542,35.152,Wait
QUESS,785.2,0.0,13.85,7.737,8.516,0.909,47.604,Wait
CESC,199.9,0.0,4.18,2.209,1.696,1.303,56.57,Wait
BHARTIARTL,1734.6,0.0,36.5,13.087,5.279,2.479,71.255,Wait
JBCHEPHARM,1837.95,0.0,50.6,9.88,15.013,0.658,39.688,Wait
ALLCARGO,65.72,0.0,1.35,0.496,0.597,0.831,45.398,Wait
GODFRYPHLP,6998.05,0.0,138.9,124.716,103.6,1.204,54.624,Wait
SAPPHIRE,372.75,0.0,8.85,4.384,2.072,2.116,67.903,Wait
RITES,358.55,0.0,6.9,3.764,2.929,1.285,56.239,Wait
ZOMATO,278.15,0.0,5.75,3.048,2.47,1.234,55.231,Wait
J&KBANK,107.28,0.0,1.74,0.574,0.621,0.924,48.017,Wait
SUNTECK,581.35,0.0,10.45,4.816,4.694,1.026,50.644,Wait
GMMPFAUDLR,1433.4,0.0,18.9,6.865,5.57,1.233,55.207,Wait
BIKAJI,959.05,0.0,19.25,11.79,6.55,1.8,64.284,Wait
SYRMA,440.8,0.0,10.3,3.883,4.093,0.949,48.683,Wait
IIFL,477.8,0.0,11.2,6.076,6.659,0.912,47.711,Wait
NAM-INDIA,657.8,0.0,16.45,5.338,6.609,0.808,44.682,Wait
FORTIS,596.7,0.0,13.35,5.379,3.457,1.556,60.877,Wait
ALKYLAMINE,2296.7,0.0,39.25,14.739,11.316,1.303,56.569,Wait
HDFCAMC,4420.55,0.0,107.0,21.511,19.661,1.094,52.247,Wait
CAMPUS,351.35,0.0,6.3,4.07,1.858,2.191,68.662,Wait
ADANIENSOL,1010.2,0.0,26.5,7.414,8.553,0.867,46.432,Wait
PNBHOUSING,971.95,0.0,25.85,10.376,11.719,0.885,46.961,Wait
NH,1204.25,0.0,30.3,7.259,11.861,0.612,37.966,Wait
OBEROIRLTY,1896.85,0.0,56.35,14.975,9.325,1.606,61.626,Wait
MINDACORP,603.25,0.0,15.3,8.507,5.414,1.571,61.111,Wait
THERMAX,5200.7,0.0,78.75,54.614,30.498,1.791,64.167,Wait
ASTRAZEN,7185.6,0.0,155.05,93.983,75.721,1.241,55.38,Wait
HFCL,151.0,0.0,3.79,1.624,1.602,1.014,50.34,Wait
RTNINDIA,76.87,0.0,2.09,0.563,0.78,0.723,41.948,Wait
CCL,698.6,0.0,15.9,5.891,7.735,0.762,43.231,Wait
CRAFTSMAN,6396.5,0.0,191.4,65.956,48.39,1.363,57.681,Wait
INOXWIND,238.18,0.0,7.05,2.696,2.302,1.171,53.936,Wait
ELGIEQUIP,665.85,0.0,20.85,3.662,6.4,0.572,36.395,Wait
VBL,608.55,0.0,18.3,4.465,5.952,0.75,42.861,Wait
DATAPATTNS,2383.2,0.0,60.8,9.611,32.191,0.299,22.992,Wait
GODREJCP,1388.65,0.0,33.65,5.838,10.431,0.56,35.884,Wait
EQUITASBNK,78.28,0.0,2.71,0.408,0.715,0.571,36.337,Wait
ASAHIINDIA,761.05,0.0,21.25,10.357,6.665,1.554,60.846,Wait
AAVAS,1819.85,0.0,65.2,13.182,12.449,1.059,51.43,Wait
POLYMED,2275.0,0.0,49.65,18.276,23.906,0.765,43.327,Wait
UNOMINDA,1115.9,0.0,34.1,10.798,9.577,1.128,52.997,Wait
VIJAYA,880.25,0.0,28.95,5.533,6.822,0.811,44.783,Wait
RADICO,2065.4,0.0,68.55,19.979,16.299,1.226,55.071,Wait
MEDPLUS,669.1,0.0,21.15,3.757,4.808,0.781,43.861,Wait
POWERGRID,354.25,0.0,11.2,2.553,1.631,1.566,61.025,Wait
APOLLOTYRE,547.55,0.0,16.7,5.008,3.056,1.639,62.103,Wait
CHOLAHLDNG,2002.55,0.0,76.8,23.067,11.7,1.971,66.347,Wait
3MINDIA,34526.102,0.0,1080.648,149.141,226.209,0.659,39.734,Wait
FSL,319.3,0.0,10.15,4.165,3.663,1.137,53.204,Wait
ROUTE,1537.5,0.0,55.35,8.416,13.573,0.62,38.273,Wait
MEDANTA,1032.3,0.0,29.15,4.709,10.557,0.446,30.846,Open the eyes
AVANTIFEED,618.45,0.0,26.1,3.397,7.268,0.467,31.848,Open the eyes
HAPPYFORGE,1174.85,0.0,29.6,4.478,6.685,0.67,40.116,Wait
POLICYBZR,1640.8,0.0,45.1,17.082,24.947,0.685,40.643,Wait
BAJAJHLDNG,10543.45,0.0,271.85,82.275,75.563,1.089,52.126,Wait
JUBLINGREA,743.6,0.0,20.95,8.356,6.835,1.222,55.004,Wait
DEVYANI,195.6,0.0,6.17,2.491,2.241,1.112,52.646,Wait
BLS,373.55,0.0,11.05,2.718,5.109,0.532,34.729,Open the eyes
CYIENT,1901.85,0.0,68.35,11.777,18.773,0.627,38.55,Wait
GODREJPROP,3191.4,0.0,114.25,35.195,21.889,1.608,61.654,Wait
INTELLECT,988.0,0.0,37.1,5.496,5.715,0.962,49.023,Wait
MANKIND,2592.0,0.0,93.15,28.575,19.411,1.472,59.548,Wait
BSE,3645.95,0.0,113.1,73.059,44.776,1.632,62.001,Wait
UNITDSPR,1596.6,0.0,48.0,12.592,7.44,1.692,62.86,Wait
PVRINOX,1684.7,0.0,55.3,13.822,8.648,1.598,61.515,Wait
MAHLIFE,542.65,0.0,22.5,4.067,5.227,0.778,43.755,Wait
UNIONBANK,123.51,0.0,3.45,0.715,0.772,0.925,48.055,Wait
CONCORDBIO,2047.8,0.0,83.85,40.319,36.818,1.095,52.27,Wait
ITI,264.25,0.0,10.9,1.238,3.001,0.412,29.197,Open the eyes
ADANIGREEN,1981.85,0.0,76.0,17.59,13.75,1.279,56.127,Wait
GLAND,1784.05,0.0,64.4,7.05,13.782,0.512,33.841,Open the eyes
TMB,450.9,0.0,26.3,1.857,3.635,0.511,33.812,Open the eyes
SAREGAMA,566.1,0.0,23.35,7.769,5.076,1.53,60.48,Wait
EASEMYTRIP,34.81,0.0,1.77,0.434,0.818,0.531,34.675,Open the eyes
HONASA,456.95,0.0,21.5,3.848,6.023,0.639,38.984,Wait
PAYTM,672.3,0.0,32.85,10.001,6.886,1.452,59.224,Wait
JAIBALAJI,1102.7,0.0,56.85,14.517,11.297,1.285,56.237,Wait
JSWENERGY,740.3,0.0,36.1,6.419,6.757,0.95,48.718,Wait
HOMEFIRST,1205.75,0.0,91.35,17.743,15.807,1.122,52.885,Wait
LODHA,1300.4,0.0,84.95,13.371,13.237,1.01,50.251,Wait
